1999-01-11 00:00:00,,ALB,4,-10.0,5,71,AL,41.0,20.0
1999-01-19 00:00:00,REB,,4,-10.0,6,39,SL,8.49,-13.2342
1999-01-29 00:00:00,COP,ALB,4,-10.0,5,23,RB,44.8186,20.4681
1999-02-06 00:00:00,ERI,ETH,4,-10.0,5,14,ET,9.03333,38.7
1999-02-06 00:00:00,ETH,ERI,4,-10.0,5,22,ET,9.03333,38.7
1999-02-07 00:00:00,,JOR,4,-10.0,5,51,JO,31.95,35.9333
1999-02-07 00:00:00,JOR,,4,-10.0,5,51,JO,31.95,35.9333
1999-02-07 00:00:00,JOR,JORGO,4,-10.0,5,77,JO,31.95,35.9333
1999-02-07 00:00:00,JORGO,JOR,4,-10.0,5,77,JO,31.95,35.9333
1999-02-15 00:00:00,USA,IRQ,4,-10.0,5,32,IZ,33.3386,44.3939
1999-02-17 00:00:00,,kur,4,-10.0,6,48,GM,52.5167,13.4
1999-02-19 00:00:00,CHL,REL,4,-10.0,5,24,CI,-33.45,-70.6667
1999-02-20 00:00:00,REB,COP,4,-10.0,5,35,RB,0.0,0.0
1999-03-01 00:00:00,ISR,,4,-10.0,6,65,IS,31.5,34.75
1999-03-02 00:00:00,UGA,CVL,4,-10.0,5,52,UG,0.315556,32.5656
1999-03-05 00:00:00,ALB,COP,4,-10.0,6,42,RB,0.0,0.0
1999-03-18 00:00:00,FRA,,4,-10.0,5,30,FR,45.6333,5.73333
1999-03-23 00:00:00,JPN,,4,-10.0,5,62,JA,35.685,139.751
1999-03-24 00:00:00,IGOWS,,4,-10.0,5,62,RB,44.8186,20.4681
1999-03-24 00:00:00,PRY,GOV,4,-10.0,5,34,PA,-25.2667,-57.6667
1999-03-25 00:00:00,IGOWS,,4,-10.0,5,41,RB,44.8186,20.4681
1999-03-27 00:00:00,IGOWS,,4,-10.0,5,58,RB,44.8186,20.4681
1999-03-29 00:00:00,ALB,,4,-10.0,6,36,AL,41.0,20.0
1999-04-01 00:00:00,ALB,,4,-10.0,5,27,AL,41.0,20.0
1999-04-02 00:00:00,MED,,4,-10.0,5,74,RB,44.8186,20.4681
1999-04-02 00:00:00,REB,,4,-10.0,5,14,RB,44.8186,20.4681
1999-04-03 00:00:00,IGOWS,,4,-10.0,5,73,RB,44.8186,20.4681
1999-04-05 00:00:00,IGOWS,,4,-10.0,6,47,RB,44.8186,20.4681
1999-04-07 00:00:00,MED,,4,-10.0,5,75,RB,44.8186,20.4681
1999-04-14 00:00:00,COP,OPP,4,-10.0,5,57,MY,3.16667,101.7
1999-04-14 00:00:00,OPP,COP,4,-10.0,5,51,MY,3.16667,101.7
1999-04-15 00:00:00,IGOWS,,4,-10.0,5,65,RB,44.8186,20.4681
1999-04-16 00:00:00,MIL,,4,-10.0,5,17,RB,0.0,0.0
1999-04-17 00:00:00,IGOWS,,4,-10.0,5,18,RB,0.0,0.0
1999-04-20 00:00:00,IGOWS,,4,-10.0,5,50,RB,44.8186,20.4681
1999-04-21 00:00:00,IGOWS,,4,-10.0,6,77,RB,44.8186,20.4681
1999-04-26 00:00:00,IGOWS,,4,-10.0,5,98,RI,45.2517,19.8369
1999-04-29 00:00:00,BGR,,4,-10.0,7,144,BU,42.6833,23.3167
1999-04-29 00:00:00,IGOWS,,4,-10.0,5,61,RB,44.8186,20.4681
1999-04-29 00:00:00,IGOWS,BGR,4,-10.0,5,86,BU,42.6833,23.3167
1999-04-29 00:00:00,IGOWS,BGR,4,-10.0,5,43,BU,42.6833,23.3167
1999-04-30 00:00:00,,COP,4,-10.0,5,54,RB,44.8186,20.4681
1999-05-02 00:00:00,,CVL,4,-10.0,5,38,RB,0.0,0.0
1999-05-02 00:00:00,IGOWS,,4,-10.0,5,92,RB,44.8186,20.4681
1999-05-03 00:00:00,IGOWS,,4,-10.0,5,55,RB,44.8186,20.4681
1999-05-05 00:00:00,,CVL,4,-10.0,5,39,RB,0.0,0.0
1999-05-06 00:00:00,IGOWS,,4,-10.0,5,79,RB,44.8186,20.4681
1999-05-07 00:00:00,IGOWS,,4,-10.0,6,118,RB,44.8186,20.4681
1999-05-07 00:00:00,IGOWS,,4,-10.0,5,60,RB,44.8186,20.4681
1999-05-08 00:00:00,IGOWS,,4,-10.0,6,138,RB,44.8186,20.4681
1999-05-08 00:00:00,IGOWS,,4,-10.0,6,104,RB,44.8186,20.4681
1999-05-08 00:00:00,IGOWS,CHN,4,-10.0,5,21,CH,39.9289,116.388
1999-05-08 00:00:00,IGOWS,CHN,4,-10.0,5,33,CH,39.9289,116.388
1999-05-08 00:00:00,IGOWS,CHNGO,4,-10.0,5,26,CH,39.9289,116.388
1999-05-08 00:00:00,MED,CHN,4,-10.0,5,48,CH,39.9289,116.388
1999-05-09 00:00:00,IGOWS,,4,-10.0,5,36,RB,44.8186,20.4681
1999-05-09 00:00:00,IGOWS,CHN,4,-10.0,5,59,CH,39.9289,116.388
1999-05-10 00:00:00,IGOWS,,4,-10.0,5,35,RB,44.8186,20.4681
1999-05-11 00:00:00,CHN,CHNGO,4,-10.0,5,48,CH,39.9289,116.388
1999-05-11 00:00:00,IGOWS,,4,-10.0,5,55,RB,44.8186,20.4681
1999-05-11 00:00:00,IGOWS,,4,-10.0,5,57,RB,44.8186,20.4681
1999-05-12 00:00:00,IGOWS,,4,-10.0,5,64,RB,44.8186,20.4681
1999-05-13 00:00:00,IGOWS,,4,-10.0,5,144,RB,44.8186,20.4681
1999-05-14 00:00:00,,ALB,4,-10.0,5,23,AL,41.0,20.0
1999-05-14 00:00:00,IGOWS,,4,-10.0,5,80,RB,44.8186,20.4681
1999-05-14 00:00:00,IGOWS,,4,-10.0,5,43,RB,44.8186,20.4681
1999-05-14 00:00:00,REB,CVL,4,-10.0,5,42,SL,8.49,-13.2342
1999-05-15 00:00:00,IGOWS,,4,-10.0,5,63,RB,44.8186,20.4681
1999-05-15 00:00:00,IGOWS,,4,-10.0,5,53,RB,44.8186,20.4681
1999-05-16 00:00:00,IGOWS,,4,-10.0,6,66,RB,44.8186,20.4681
1999-05-17 00:00:00,MED,IGOWS,4,-10.0,5,47,RB,44.8186,20.4681
1999-05-20 00:00:00,,HLH,4,-10.0,5,31,RB,44.8186,20.4681
1999-05-21 00:00:00,IGOWS,,4,-10.0,6,42,RB,44.8186,20.4681
1999-05-22 00:00:00,IGOWS,,4,-10.0,6,66,RB,44.8186,20.4681
1999-05-25 00:00:00,IGOWS,,4,-10.0,5,33,RB,44.8186,20.4681
1999-05-26 00:00:00,IGOWS,,4,-10.0,5,78,RB,44.8186,20.4681
1999-05-26 00:00:00,IGOWS,,4,-10.0,5,44,RB,44.8186,20.4681
1999-05-27 00:00:00,IGOWS,,4,-10.0,5,114,RB,44.8186,20.4681
1999-05-27 00:00:00,PAK,MIL,4,-10.0,5,71,PK,33.7,73.1667
1999-05-27 00:00:00,REB,SLE,4,-10.0,5,57,SL,8.49,-13.2342
1999-05-30 00:00:00,IGOWS,,4,-10.0,7,88,RB,44.8186,20.4681
1999-05-31 00:00:00,IGOWS,,4,-10.0,7,82,RB,44.8186,20.4681
1999-05-31 00:00:00,ISR,,4,-10.0,5,65,IS,31.5,34.75
1999-06-01 00:00:00,MED,IGOWS,4,-10.0,5,60,RB,44.8186,20.4681
1999-06-03 00:00:00,IGOWS,,4,-10.0,6,68,RB,44.8186,20.4681
1999-06-06 00:00:00,ALB,,4,-10.0,5,72,AL,41.0,20.0
1999-06-06 00:00:00,CVL,,4,-10.0,5,78,RB,44.8186,20.4681
1999-06-08 00:00:00,IGOWS,,4,-10.0,5,76,RB,44.8186,20.4681
1999-06-08 00:00:00,IGOWS,,4,-10.0,5,31,RB,44.8186,20.4681
1999-06-09 00:00:00,,IRQ,4,-10.0,5,28,IZ,33.3386,44.3939
1999-06-13 00:00:00,DEU,,4,-10.0,5,46,GM,51.0,9.0
1999-06-13 00:00:00,REL,CVL,4,-10.0,5,27,RB,0.0,0.0
1999-06-15 00:00:00,CVL,,4,-10.0,5,37,RB,0.0,0.0
1999-06-24 00:00:00,ISR,,4,-10.0,6,38,IS,31.5,34.75
1999-06-25 00:00:00,ISR,,4,-10.0,6,48,IS,31.5,34.75
1999-06-25 00:00:00,ISR,,4,-10.0,5,58,IS,31.5,34.75
1999-06-25 00:00:00,ISR,LBN,4,-10.0,6,26,LE,33.8719,35.5097
1999-06-25 00:00:00,LBN,,4,-10.0,5,56,LE,33.8719,35.5097
1999-06-26 00:00:00,MIL,,4,-10.0,5,46,RB,0.0,0.0
1999-07-02 00:00:00,MIL,,4,-10.0,5,55,RS,55.7522,37.6156
1999-07-11 00:00:00,IRN,EDU,4,-10.0,5,40,IR,35.75,51.5148
1999-07-12 00:00:00,EDU,IRNED,4,-10.0,5,38,IR,35.75,51.5148
1999-07-12 00:00:00,IRNED,EDU,4,-10.0,5,38,IR,35.75,51.5148
1999-07-13 00:00:00,,UAF,4,-10.0,5,50,IN,33.9167,76.6667
1999-07-13 00:00:00,IRN,,4,-10.0,5,16,IR,35.75,51.5148
1999-07-18 00:00:00,KHM,,4,-10.0,5,26,CB,11.55,104.917
1999-07-26 00:00:00,IDN,REB,4,-10.0,5,33,ID,5.5577,95.3222
1999-08-05 00:00:00,srp,ALB,4,-10.0,5,33,AL,41.0,20.0
1999-08-07 00:00:00,,RUS,4,-10.0,5,51,RS,60.0,100.0
1999-08-10 00:00:00,PAK,,4,-10.0,5,52,PK,24.8667,67.05
1999-08-11 00:00:00,ISR,PSE,4,-10.0,6,59,IS,31.7667,35.2333
1999-08-12 00:00:00,,PAK,4,-10.0,5,106,PK,33.7,73.1667
1999-08-18 00:00:00,RWA,UGA,4,-10.0,5,15,UG,1.0,32.0
1999-09-03 00:00:00,ISR,,4,-10.0,5,67,IS,31.7667,35.2333
1999-09-15 00:00:00,RUS,,4,-10.0,6,39,RS,55.7522,37.6156
1999-09-19 00:00:00,RUS,,4,-10.0,5,23,RS,55.7522,37.6156
1999-09-24 00:00:00,RUS,,4,-10.0,5,14,RS,43.9611,47.6427
1999-09-29 00:00:00,RUS,,4,-10.0,5,22,RS,55.7522,37.6156
1999-10-02 00:00:00,RUS,,4,-10.0,5,17,RS,43.3,45.7
1999-10-05 00:00:00,RUS,,4,-10.0,5,27,RS,55.7522,37.6156
1999-10-07 00:00:00,che,RUS,4,-10.0,5,22,RS,43.9611,47.6427
1999-10-08 00:00:00,,RUS,4,-10.0,5,18,RS,43.9611,47.6427
1999-10-08 00:00:00,RUS,,4,-10.0,5,24,RS,43.3,45.7
1999-10-21 00:00:00,RUS,,4,-10.0,5,26,RS,55.7522,37.6156
1999-10-25 00:00:00,ISR,PSE,4,-10.0,5,26,IS,31.7667,35.2333
1999-10-26 00:00:00,che,RUS,4,-10.0,5,18,RS,43.9611,47.6427
1999-10-27 00:00:00,,LEG,4,-10.0,5,22,AM,40.1811,44.5136
1999-10-27 00:00:00,ARM,LEG,4,-10.0,5,26,AM,40.1811,44.5136
1999-10-27 00:00:00,ARM,LEG,4,-10.0,6,47,AM,40.1811,44.5136
1999-10-27 00:00:00,RUS,,4,-10.0,5,79,RS,43.3507,46.1092
1999-10-27 00:00:00,RUS,,4,-10.0,5,51,RS,55.7522,37.6156
1999-11-07 00:00:00,,ISR,4,-10.0,5,45,IS,32.3329,34.8599
1999-11-11 00:00:00,PSE,MAR,4,-10.0,5,21,IS,31.7667,35.2333
1999-11-26 00:00:00,,NGA,4,-10.0,7,55,NI,6.45306,3.39583
1999-12-11 00:00:00,UGA,REB,4,-10.0,5,33,UG,0.741389,30.0417
1999-12-23 00:00:00,RUS,,4,-10.0,5,12,RS,43.9611,47.6427
1999-12-23 00:00:00,che,RUS,4,-10.0,5,26,RS,43.9611,47.6427
1999-12-28 00:00:00,che,RUS,4,-10.0,6,30,RS,43.9611,47.6427
1999-12-30 00:00:00,CHR,MOS,4,-10.0,5,38,ID,-3.69543,128.181
1999-12-30 00:00:00,MOS,CHR,4,-10.0,5,40,ID,-3.69543,128.181
2000-01-05 00:00:00,REB,LKA,4,-10.0,5,35,CE,6.93194,79.8478
2000-01-05 00:00:00,REB,LKA,4,-10.0,6,41,CE,6.93194,79.8478
2000-01-09 00:00:00,IRN,,4,-10.0,5,22,IR,33.6374,46.4227
2000-01-13 00:00:00,,IDN,4,-10.0,5,29,ID,-8.7093,120.264
2000-01-13 00:00:00,IDN,,4,-10.0,5,29,ID,-8.7093,120.264
2000-01-13 00:00:00,RUS,,4,-10.0,5,35,RS,43.3,45.7
2000-01-16 00:00:00,RUS,RUSMI,4,-10.0,5,15,RS,43.3,45.7
2000-01-19 00:00:00,,RUS,4,-10.0,5,21,RS,55.7522,37.6156
2000-01-24 00:00:00,che,CVL,4,-10.0,5,26,RS,43.9611,47.6427
2000-02-04 00:00:00,,ALB,4,-10.0,5,27,AL,41.0,20.0
2000-02-07 00:00:00,LKA,,4,-10.0,5,39,CE,6.93194,79.8478
2000-02-08 00:00:00,ISR,,4,-10.0,6,44,IS,31.5,34.75
2000-02-08 00:00:00,ISR,LBN,4,-10.0,5,14,IS,31.5,34.75
2000-02-09 00:00:00,ISR,,4,-10.0,5,34,IS,31.5,34.75
2000-02-11 00:00:00,ISR,,4,-10.0,5,50,IS,31.5,34.75
2000-02-11 00:00:00,ISR,,4,-10.0,5,39,IS,31.5,34.75
2000-02-11 00:00:00,ISR,LBN,4,-10.0,5,29,IS,31.5,34.75
2000-02-12 00:00:00,LBN,ISR,4,-10.0,5,13,IS,31.5,34.75
2000-02-21 00:00:00,MOS,CHR,4,-10.0,5,53,NI,10.5231,7.44028
2000-02-25 00:00:00,CHR,MOS,4,-10.0,6,45,NI,10.5231,7.44028
2000-02-25 00:00:00,MOS,CHR,4,-10.0,6,43,NI,10.5231,7.44028
2000-02-29 00:00:00,CHR,MOS,4,-10.0,6,49,NI,10.5231,7.44028
2000-02-29 00:00:00,MOS,CHR,4,-10.0,5,36,NI,10.5231,7.44028
2000-03-02 00:00:00,ISR,PSE,4,-10.0,5,39,IS,32.0667,34.7667
2000-03-06 00:00:00,ISR,LBN,4,-10.0,5,19,IS,31.5,34.75
2000-03-10 00:00:00,UAF,JUD,4,-10.0,5,64,PK,24.8667,67.05
2000-03-10 00:00:00,UAF,PAK,4,-10.0,5,18,PK,24.8667,67.05
2000-03-13 00:00:00,IRN,,4,-10.0,5,19,IR,35.75,51.5148
2000-03-14 00:00:00,ISR,,4,-10.0,5,29,IS,31.5,34.75
2000-03-20 00:00:00,,SCGSR,4,-10.0,5,19,RB,44.8186,20.4681
2000-04-16 00:00:00,ZWE,AGR,4,-10.0,5,16,ZI,-17.8178,31.0447
2000-05-04 00:00:00,ISR,,4,-10.0,5,70,IS,31.5,34.75
2000-05-05 00:00:00,ISR,,4,-10.0,6,44,IS,31.5,34.75
2000-05-05 00:00:00,LBN,ISR,4,-10.0,5,12,LE,33.8719,35.5097
2000-05-05 00:00:00,LBN,ISR,4,-10.0,5,15,IS,31.5,34.75
2000-05-05 00:00:00,RWA,UGA,4,-10.0,6,31,RW,-2.0,30.0
2000-05-05 00:00:00,UGA,RWA,4,-10.0,5,38,RW,-1.95361,30.0606
2000-05-05 00:00:00,UGA,RWA,4,-10.0,5,27,RW,-2.0,30.0
2000-05-06 00:00:00,RWA,UGA,4,-10.0,5,13,UG,1.0,32.0
2000-05-06 00:00:00,UGA,RWA,4,-10.0,5,13,UG,1.0,32.0
2000-05-07 00:00:00,ESP,baq,4,-10.0,5,20,SP,42.8338,-8.73306
2000-05-09 00:00:00,REB,SLE,4,-10.0,5,22,SL,8.49,-13.2342
2000-05-10 00:00:00,SLE,REB,4,-10.0,5,61,SL,8.49,-13.2342
2000-05-14 00:00:00,ISR,OPP,4,-10.0,5,17,IS,31.7667,35.2333
2000-05-14 00:00:00,OPP,ISR,4,-10.0,5,17,IS,31.7667,35.2333
2000-05-15 00:00:00,,PSE,4,-10.0,6,79,IS,31.7667,35.2333
2000-05-15 00:00:00,ISR,PSE,4,-10.0,6,113,IS,31.7667,35.2333
2000-05-15 00:00:00,PSE,ISR,4,-10.0,6,102,IS,31.7667,35.2333
2000-05-17 00:00:00,COP,,4,-10.0,5,44,RB,44.8186,20.4681
2000-05-18 00:00:00,REB,SLE,4,-10.0,5,55,SL,8.49,-13.2342
2000-05-18 00:00:00,SLE,REB,4,-10.0,5,22,SL,8.49,-13.2342
2000-05-21 00:00:00,PSE,ISR,4,-10.0,5,38,IS,31.7667,35.2333
2000-05-21 00:00:00,PSE,ISR,4,-10.0,5,41,IS,31.7667,35.2333
2000-06-01 00:00:00,,GOVMI,4,-10.0,5,41,GG,41.725,44.7908
2000-06-08 00:00:00,RWA,UGA,4,-10.0,5,37,RW,-2.0,30.0
2000-06-08 00:00:00,UGA,RWA,4,-10.0,5,37,RW,-2.0,30.0
2000-06-09 00:00:00,RWA,UGA,4,-10.0,5,40,UG,1.0,32.0
2000-06-09 00:00:00,UGA,RWA,4,-10.0,5,34,UG,1.0,32.0
2000-06-14 00:00:00,TUR,,4,-10.0,5,23,TU,41.0186,28.9647
2000-06-19 00:00:00,RWA,UGA,4,-10.0,5,17,RW,-1.95361,30.0606
2000-06-19 00:00:00,RWA,UGA,4,-10.0,5,25,RW,-1.95361,30.0606
2000-06-30 00:00:00,,RUS,4,-10.0,5,29,RS,43.1227,45.9858
2000-07-21 00:00:00,RUS,,4,-10.0,5,16,RS,43.9611,47.6427
2000-08-16 00:00:00,REB,BDI,4,-10.0,5,22,BY,-3.37611,29.36
2000-08-27 00:00:00,,ISR,4,-10.0,6,28,IS,31.7667,35.2333
2000-09-04 00:00:00,RUS,,4,-10.0,5,17,RS,55.7522,37.6156
2000-09-26 00:00:00,OPP,COP,4,-10.0,5,39,EZ,50.0833,14.4667
2000-09-29 00:00:00,,ISR,4,-10.0,5,54,IS,31.7667,35.2333
2000-09-29 00:00:00,ISR,PSE,4,-10.0,5,78,IS,31.7667,35.2333
2000-09-30 00:00:00,,PSE,4,-10.0,5,101,IS,31.7667,35.2333
2000-09-30 00:00:00,ISR,,4,-10.0,5,41,IS,31.7667,35.2333
2000-09-30 00:00:00,ISR,PSE,4,-10.0,6,111,IS,31.7667,35.2333
2000-09-30 00:00:00,PSE,ISR,4,-10.0,7,206,IS,31.7667,35.2333
2000-10-01 00:00:00,,ISR,4,-10.0,6,24,IS,31.7667,35.2333
2000-10-01 00:00:00,ISR,,4,-10.0,7,37,IS,31.7667,35.2333
2000-10-01 00:00:00,ISR,PSE,4,-10.0,7,194,IS,31.7667,35.2333
2000-10-01 00:00:00,PSE,ISR,4,-10.0,8,162,IS,31.7667,35.2333
2000-10-02 00:00:00,,PSE,4,-10.0,5,44,IS,31.7667,35.2333
2000-10-02 00:00:00,ISR,PSE,4,-10.0,7,57,IS,31.7667,35.2333
2000-10-02 00:00:00,PSE,ISR,4,-10.0,6,38,IS,31.7667,35.2333
2000-10-03 00:00:00,ISR,PSE,4,-10.0,5,89,IS,31.7667,35.2333
2000-10-03 00:00:00,ISR,PSE,4,-10.0,5,55,IS,31.5,34.75
2000-10-03 00:00:00,ISR,PSE,4,-10.0,6,22,IS,31.7667,35.2333
2000-10-03 00:00:00,PSE,ISR,4,-10.0,5,37,IS,31.5,34.75
2000-10-04 00:00:00,ISR,PSE,4,-10.0,7,91,IS,31.7667,35.2333
2000-10-04 00:00:00,ISR,PSE,4,-10.0,5,10,GZ,8.73308,126.321
2000-10-04 00:00:00,PSE,ISR,4,-10.0,6,40,IS,31.7667,35.2333
2000-10-04 00:00:00,PSE,ISR,4,-10.0,5,32,IS,31.5,34.75
2000-10-05 00:00:00,,ISR,4,-10.0,5,30,IS,31.7667,35.2333
2000-10-05 00:00:00,ISR,PSE,4,-10.0,5,75,IS,31.7667,35.2333
2000-10-06 00:00:00,,PSE,4,-10.0,5,40,IS,31.7667,35.2333
2000-10-06 00:00:00,ISR,,4,-10.0,5,38,IS,31.7667,35.2333
2000-10-06 00:00:00,ISR,ISRCO,4,-10.0,5,42,IS,31.7667,35.2333
2000-10-06 00:00:00,ISR,PSE,4,-10.0,6,116,IS,31.7667,35.2333
2000-10-06 00:00:00,ISR,PSE,4,-10.0,5,74,IS,31.5,34.75
2000-10-06 00:00:00,ISRCO,ISR,4,-10.0,5,42,IS,31.7667,35.2333
2000-10-06 00:00:00,PSE,ISR,4,-10.0,5,75,IS,31.7667,35.2333
2000-10-06 00:00:00,PSE,ISR,4,-10.0,5,63,IS,31.5,34.75
2000-10-06 00:00:00,PSE,ISRCO,4,-10.0,5,37,IS,31.7667,35.2333
2000-10-07 00:00:00,ISR,,4,-10.0,6,73,IS,31.7667,35.2333
2000-10-07 00:00:00,ISR,PSE,4,-10.0,6,129,IS,31.7667,35.2333
2000-10-07 00:00:00,ISR,PSE,4,-10.0,5,53,IS,31.5,34.75
2000-10-07 00:00:00,PSE,ISR,4,-10.0,5,118,IS,31.7667,35.2333
2000-10-07 00:00:00,PSE,ISR,4,-10.0,5,51,IS,31.5,34.75
2000-10-08 00:00:00,ISR,PSE,4,-10.0,5,59,IS,31.7667,35.2333
2000-10-09 00:00:00,ISR,PSE,4,-10.0,5,31,IS,31.7667,35.2333
2000-10-09 00:00:00,PSE,ISR,4,-10.0,8,81,IS,31.7667,35.2333
2000-10-10 00:00:00,PSE,ISR,4,-10.0,5,50,IS,31.7667,35.2333
2000-10-11 00:00:00,ISR,PSE,4,-10.0,5,48,IS,31.7667,35.2333
2000-10-11 00:00:00,PSE,ISR,4,-10.0,5,42,IS,31.7667,35.2333
2000-10-12 00:00:00,ISR,PSE,4,-10.0,6,56,IS,31.7667,35.2333
2000-10-12 00:00:00,ISR,PSE,4,-10.0,5,29,IS,31.4167,34.3333
2000-10-12 00:00:00,ISR,PSE,4,-10.0,5,46,IS,31.4167,34.3333
2000-10-12 00:00:00,ISR,PSE,4,-10.0,6,50,IS,31.5,34.75
2000-10-12 00:00:00,ISR,PSE,4,-10.0,6,53,IS,31.5,34.75
2000-10-12 00:00:00,PSE,ISR,4,-10.0,6,59,IS,31.7667,35.2333
2000-10-12 00:00:00,PSE,ISR,4,-10.0,6,72,IS,31.5,34.75
2000-10-13 00:00:00,ISR,PSE,4,-10.0,7,92,IS,31.7667,35.2333
2000-10-13 00:00:00,ISR,PSE,4,-10.0,6,39,IS,31.4167,34.3333
2000-10-13 00:00:00,ISR,PSE,4,-10.0,6,65,IS,31.5,34.75
2000-10-13 00:00:00,ISR,PSE,4,-10.0,6,36,IS,31.7667,35.2333
2000-10-13 00:00:00,PSE,,4,-10.0,5,24,IS,31.5333,35.1
2000-10-13 00:00:00,PSE,ISR,4,-10.0,5,76,IS,31.5333,35.1
2000-10-13 00:00:00,PSE,ISR,4,-10.0,7,48,IS,31.7667,35.2333
2000-10-13 00:00:00,PSE,ISR,4,-10.0,6,63,IS,31.5,34.75
2000-10-14 00:00:00,ISR,PSE,4,-10.0,5,26,IS,31.5333,35.1
2000-10-14 00:00:00,PSE,ISR,4,-10.0,5,26,IS,31.5,34.75
2000-10-15 00:00:00,ISR,PSE,4,-10.0,5,17,IS,31.7667,35.2333
2000-10-15 00:00:00,PSE,ISR,4,-10.0,5,20,IS,31.7667,35.2333
2000-10-16 00:00:00,ISR,PSE,4,-10.0,6,50,IS,31.5,34.75
2000-10-17 00:00:00,ISR,PSE,4,-10.0,6,79,IS,31.5,34.75
2000-10-17 00:00:00,PSE,ISR,4,-10.0,6,25,IS,31.7667,35.2333
2000-10-17 00:00:00,PSE,ISR,4,-10.0,6,35,IS,31.5,34.75
2000-10-17 00:00:00,yor,hau,4,-10.0,5,41,NI,6.45306,3.39583
2000-10-18 00:00:00,ISR,PSE,4,-10.0,6,42,IS,31.7667,35.2333
2000-10-19 00:00:00,ISR,PSE,4,-10.0,5,13,IS,31.5,34.75
2000-10-19 00:00:00,PSE,ISR,4,-10.0,6,15,IS,31.5,34.75
2000-10-20 00:00:00,ISR,PSE,4,-10.0,6,69,IS,31.7667,35.2333
2000-10-20 00:00:00,PSE,ISR,4,-10.0,5,26,IS,31.7667,35.2333
2000-10-20 00:00:00,PSE,ISR,4,-10.0,5,55,IS,31.5,34.75
2000-10-21 00:00:00,PSE,ISR,4,-10.0,5,88,IS,31.7667,35.2333
2000-10-23 00:00:00,ISR,PSE,4,-10.0,5,19,IS,31.7667,35.2333
2000-10-24 00:00:00,ISR,PSE,4,-10.0,5,45,IS,31.7667,35.2333
2000-10-24 00:00:00,PSE,ISR,4,-10.0,6,38,IS,31.7667,35.2333
2000-10-24 00:00:00,PSE,ISR,4,-10.0,5,64,IS,31.5,34.75
2000-10-25 00:00:00,ISR,PSE,4,-10.0,5,23,IS,31.7667,35.2333
2000-10-25 00:00:00,USA,,4,-10.0,5,23,US,38.0,-97.0
2000-10-27 00:00:00,,CIV,4,-10.0,9,81,IV,5.34111,-4.02806
2000-10-27 00:00:00,ARMGO,,4,-10.0,5,13,AM,40.1811,44.5136
2000-10-27 00:00:00,CIV,,4,-10.0,5,59,IV,5.34111,-4.02806
2000-10-27 00:00:00,ISR,PSE,4,-10.0,6,63,IS,31.7667,35.2333
2000-10-27 00:00:00,PSE,ISR,4,-10.0,7,93,IS,31.7667,35.2333
2000-10-28 00:00:00,ISR,PSE,4,-10.0,5,35,IS,31.7667,35.2333
2000-10-29 00:00:00,PSE,ISR,4,-10.0,5,46,IS,31.7667,35.2333
2000-10-30 00:00:00,ISR,PSE,4,-10.0,5,35,IS,31.7667,35.2333
2000-10-30 00:00:00,ISR,PSE,4,-10.0,5,29,IS,31.5,34.75
2000-10-30 00:00:00,PSE,ISR,4,-10.0,5,30,IS,31.7667,35.2333
2000-10-31 00:00:00,ISR,,4,-10.0,6,60,IS,31.7667,35.2333
2000-10-31 00:00:00,ISR,PSE,4,-10.0,5,49,IS,31.7667,35.2333
2000-10-31 00:00:00,PSE,ISR,4,-10.0,5,51,IS,31.7667,35.2333
2000-10-31 00:00:00,PSE,ISR,4,-10.0,6,36,IS,31.5,34.75
2000-11-01 00:00:00,ISR,PSE,4,-10.0,6,17,IS,31.7667,35.2333
2000-11-01 00:00:00,ISR,PSE,4,-10.0,5,57,IS,31.5,34.75
2000-11-01 00:00:00,PSE,ISR,4,-10.0,5,20,IS,31.7667,35.2333
2000-11-02 00:00:00,,PSE,4,-10.0,5,22,IS,31.7667,35.2333
2000-11-02 00:00:00,ISR,,4,-10.0,5,48,IS,31.7667,35.2333
2000-11-02 00:00:00,PSE,ISR,4,-10.0,5,31,IS,31.7667,35.2333
2000-11-03 00:00:00,ISR,PSE,4,-10.0,5,35,IS,31.7667,35.2333
2000-11-03 00:00:00,ISR,PSE,4,-10.0,6,23,IS,31.7667,35.2333
2000-11-08 00:00:00,ISR,PSE,4,-10.0,5,76,IS,31.7667,35.2333
2000-11-10 00:00:00,ISR,PSE,4,-10.0,6,64,IS,31.7667,35.2333
2000-11-10 00:00:00,PSE,ISR,4,-10.0,5,27,IS,31.7667,35.2333
2000-11-11 00:00:00,ISR,PSE,4,-10.0,6,28,IS,31.5,34.75
2000-11-11 00:00:00,PSE,ISR,4,-10.0,5,14,IS,31.5,34.75
2000-11-12 00:00:00,,ISR,4,-10.0,5,18,IS,31.7667,35.2333
2000-11-12 00:00:00,ISR,PSE,4,-10.0,6,28,IS,31.7667,35.2333
2000-11-12 00:00:00,PSE,ISR,4,-10.0,5,25,IS,31.7667,35.2333
2000-11-13 00:00:00,ISR,PSE,4,-10.0,6,32,IS,31.7667,35.2333
2000-11-13 00:00:00,PSE,ISR,4,-10.0,6,39,IS,31.7667,35.2333
2000-11-16 00:00:00,PSE,ISR,4,-10.0,5,23,IS,31.7667,35.2333
2000-11-21 00:00:00,ISR,PSE,4,-10.0,5,73,IS,31.5,34.75
2000-11-21 00:00:00,ISR,PSE,4,-10.0,5,23,IS,31.4167,34.3333
2000-11-22 00:00:00,PSE,ISR,4,-10.0,5,20,IS,31.7667,35.2333
2000-11-27 00:00:00,ISR,,4,-10.0,5,25,IS,31.5,34.75
2000-12-05 00:00:00,ISR,PSE,4,-10.0,5,49,IS,31.7667,35.2333
2000-12-08 00:00:00,ISR,PSE,4,-10.0,6,74,IS,31.7667,35.2333
2000-12-08 00:00:00,ISR,PSE,4,-10.0,5,29,IS,31.7667,35.2333
2000-12-08 00:00:00,PSE,ISR,4,-10.0,6,86,IS,31.7667,35.2333
2001-01-17 00:00:00,GOV,COD,4,-10.0,5,29,CG,-4.32972,15.315
2001-01-23 00:00:00,COD,CODGO,4,-10.0,5,17,CG,-4.32972,15.315
2001-01-30 00:00:00,,ALB,4,-10.0,5,28,AL,41.0,20.0
2001-01-30 00:00:00,ALB,,4,-10.0,5,29,AL,41.0,20.0
2001-01-31 00:00:00,,ALB,4,-10.0,5,50,AL,41.0,20.0
2001-02-01 00:00:00,,ALB,4,-10.0,5,96,AL,41.0,20.0
2001-02-01 00:00:00,ALB,,4,-10.0,5,52,AL,41.0,20.0
2001-02-13 00:00:00,ISR,PSE,4,-10.0,5,32,IS,31.7667,35.2333
2001-02-14 00:00:00,PSE,ISR,4,-10.0,5,71,IS,32.0667,34.7667
2001-02-15 00:00:00,ISR,PSE,4,-10.0,5,28,IS,31.7667,35.2333
2001-02-16 00:00:00,GBR,IRQ,4,-10.0,5,87,IZ,33.3386,44.3939
2001-02-16 00:00:00,GBR,IRQ,4,-10.0,6,50,UK,54.0,-2.0
2001-02-16 00:00:00,IRQ,,4,-10.0,5,104,IZ,33.3386,44.3939
2001-02-16 00:00:00,USA,IRQ,4,-10.0,5,26,IZ,33.3386,44.3939
2001-02-17 00:00:00,GBR,IRQ,4,-10.0,5,49,IZ,33.3386,44.3939
2001-02-17 00:00:00,GBR,IRQ,4,-10.0,5,57,UK,54.0,-2.0
2001-03-16 00:00:00,PSE,ISR,4,-10.0,5,23,IS,31.5,34.75
2001-03-19 00:00:00,ISR,PSE,4,-10.0,5,35,IS,31.5,34.75
2001-03-19 00:00:00,PSE,ISR,4,-10.0,5,47,IS,31.5,34.75
2001-03-30 00:00:00,PSE,ISR,4,-10.0,7,139,IS,31.7667,35.2333
2001-04-02 00:00:00,REB,COP,4,-10.0,5,57,NP,27.7167,85.3167
2001-04-06 00:00:00,ISR,PSE,4,-10.0,5,40,IS,31.7667,35.2333
2001-04-06 00:00:00,ISR,PSE,4,-10.0,5,46,IS,31.5,34.75
2001-04-16 00:00:00,ISR,SYR,4,-10.0,5,34,SY,35.0,38.0
2001-04-18 00:00:00,ISR,PSE,4,-10.0,5,60,IS,31.5,34.75
2001-05-09 00:00:00,ISR,PSE,4,-10.0,5,43,IS,31.7667,35.2333
2001-05-09 00:00:00,PSE,ISR,4,-10.0,5,35,IS,31.7667,35.2333
2001-05-12 00:00:00,SOM,,4,-10.0,5,28,SO,2.06667,45.3667
2001-05-15 00:00:00,ISR,PSE,4,-10.0,6,91,IS,31.5,34.75
2001-05-18 00:00:00,ISR,PSE,4,-10.0,5,139,IS,32.3329,34.8599
2001-05-21 00:00:00,ISR,PSE,4,-10.0,5,59,IS,31.5,34.75
2001-06-02 00:00:00,GOV,,4,-10.0,6,190,NP,27.7167,85.3167
2001-06-02 00:00:00,GOV,NPL,4,-10.0,6,89,NP,27.7167,85.3167
2001-06-02 00:00:00,NPLGO,GOV,4,-10.0,6,94,NP,27.7167,85.3167
2001-06-02 00:00:00,REB,ISR,4,-10.0,5,108,IS,32.0667,34.7667
2001-06-05 00:00:00,ISR,PSE,4,-10.0,5,43,IS,32.0667,34.7667
2001-06-05 00:00:00,PSE,ISR,4,-10.0,6,41,IS,32.0667,34.7667
2001-06-08 00:00:00,ISR,PSE,4,-10.0,5,61,IS,32.0667,34.7667
2001-06-09 00:00:00,RUS,,4,-10.0,5,35,RS,55.7522,37.6156
2001-06-14 00:00:00,GOV,,4,-10.0,6,76,NP,27.7167,85.3167
2001-06-18 00:00:00,ISR,PSE,4,-10.0,6,65,IS,31.7667,35.2333
2001-06-18 00:00:00,LBR,USAGO,4,-10.0,5,25,LI,6.31056,-10.8047
2001-07-30 00:00:00,ISR,PSE,4,-10.0,5,91,IS,31.7667,35.2333
2001-07-30 00:00:00,PSE,ISR,4,-10.0,5,75,IS,31.7667,35.2333
2001-07-31 00:00:00,ISR,PSE,4,-10.0,5,28,IS,31.7667,35.2333
2001-08-02 00:00:00,ISR,PSE,4,-10.0,5,30,IS,31.7667,35.2333
2001-08-05 00:00:00,PSE,ISR,4,-10.0,5,64,IS,32.0667,34.7667
2001-08-07 00:00:00,ISR,PSE,4,-10.0,5,53,IS,31.7667,35.2333
2001-08-09 00:00:00,ISR,,4,-10.0,5,55,IS,31.7667,35.2333
2001-08-09 00:00:00,ISR,PSE,4,-10.0,5,35,IS,31.7667,35.2333
2001-08-10 00:00:00,ISR,PSE,4,-10.0,5,73,IS,31.7667,35.2333
2001-08-10 00:00:00,PSE,ISR,4,-10.0,5,59,IS,31.7667,35.2333
2001-08-10 00:00:00,PSERE,ISR,4,-10.0,5,62,IS,31.7667,35.2333
2001-08-12 00:00:00,ISR,,4,-10.0,5,18,IS,31.7667,35.2333
2001-08-12 00:00:00,PSE,ISR,4,-10.0,6,125,IS,31.7667,35.2333
2001-08-19 00:00:00,ISR,PSE,4,-10.0,5,48,IS,31.7667,35.2333
2001-08-27 00:00:00,,ISR,4,-10.0,5,31,IS,31.7667,35.2333
2001-09-11 00:00:00,UAF,USA,4,-10.0,5,48,US,38.8951,-77.0364
2001-09-12 00:00:00,ISR,PSE,4,-10.0,5,37,IS,31.5,34.75
2001-09-12 00:00:00,UAF,USA,4,-10.0,5,42,US,38.8951,-77.0364
2001-09-13 00:00:00,UAF,USA,4,-10.0,5,56,US,42.1497,-74.9384
2001-09-13 00:00:00,UAF,USA,4,-10.0,6,107,US,38.0,-97.0
2001-09-13 00:00:00,USA,,4,-10.0,5,30,US,38.8951,-77.0364
2001-09-19 00:00:00,USA,,4,-10.0,6,59,US,38.8951,-77.0364
2001-10-03 00:00:00,ISR,PSE,4,-10.0,6,71,IS,31.5,34.75
2001-10-05 00:00:00,MIL,AFG,4,-10.0,6,55,AF,33.0,65.0
2001-10-08 00:00:00,AFG,,4,-10.0,5,83,AF,34.5167,69.1833
2001-10-08 00:00:00,AFG,,4,-10.0,7,58,AF,34.5167,69.1833
2001-10-08 00:00:00,USA,AFG,4,-10.0,5,39,US,38.0,-97.0
2001-10-09 00:00:00,,AFG,4,-10.0,6,53,AF,34.5167,69.1833
2001-10-09 00:00:00,MIL,AFG,4,-10.0,5,67,AF,33.0,65.0
2001-10-10 00:00:00,AFG,,4,-10.0,5,38,AF,34.5167,69.1833
2001-10-11 00:00:00,AFG,,4,-10.0,5,70,AF,34.5167,69.1833
2001-10-11 00:00:00,AFG,,4,-10.0,5,58,AF,34.5167,69.1833
2001-10-11 00:00:00,PSE,ISR,4,-10.0,5,32,IS,31.5,34.75
2001-10-17 00:00:00,,ISR,4,-10.0,5,26,IS,31.7667,35.2333
2001-10-17 00:00:00,AFG,,4,-10.0,5,19,AF,33.0,65.0
2001-10-17 00:00:00,AFG,,4,-10.0,6,46,AF,34.5167,69.1833
2001-10-18 00:00:00,ISR,,4,-10.0,5,19,IS,31.7667,35.2333
2001-10-18 00:00:00,ISR,PSE,4,-10.0,6,59,IS,31.7667,35.2333
2001-10-18 00:00:00,PSE,ISR,4,-10.0,5,25,IS,31.5,34.75
2001-10-20 00:00:00,ISR,,4,-10.0,5,39,IS,31.7667,35.2333
2001-10-22 00:00:00,ISR,PSE,4,-10.0,5,26,IS,31.5,34.75
2001-10-22 00:00:00,ISR,PSE,4,-10.0,5,18,IS,31.5,34.75
2001-10-23 00:00:00,ISR,PSE,4,-10.0,5,49,IS,31.5,34.75
2001-10-24 00:00:00,ISR,PSE,4,-10.0,5,114,IS,31.5,34.75
2001-10-25 00:00:00,AFG,,4,-10.0,5,24,AF,34.5167,69.1833
2001-11-12 00:00:00,AFG,,4,-10.0,5,35,AF,34.5167,69.1833
2001-11-21 00:00:00,AFG,,4,-10.0,5,42,AF,36.729,68.857
2001-12-03 00:00:00,ISR,,4,-10.0,5,25,IS,31.7667,35.2333
2001-12-04 00:00:00,,KEN,4,-10.0,6,48,KE,-1.28333,36.8167
2001-12-04 00:00:00,KEN,,4,-10.0,5,39,KE,-1.31667,36.7833
2001-12-10 00:00:00,PSE,ISR,4,-10.0,5,23,IS,31.7667,35.2333
2001-12-26 00:00:00,JPN,,4,-10.0,5,28,JA,35.685,139.751
2002-01-30 00:00:00,PSE,ISR,4,-10.0,5,39,IS,31.5,34.75
2002-02-10 00:00:00,ISR,PSE,4,-10.0,5,61,IS,31.4167,34.3333
2002-02-21 00:00:00,ISR,PSE,4,-10.0,5,49,IS,31.4167,34.3333
2002-03-04 00:00:00,ISR,PSE,4,-10.0,5,46,IS,31.7667,35.2333
2002-03-14 00:00:00,PSE,ISR,4,-10.0,6,35,IS,31.5,34.75
2002-03-17 00:00:00,REB,ISR,4,-10.0,5,51,IS,31.7667,35.2333
2002-03-18 00:00:00,ISR,PSE,4,-10.0,5,35,IS,31.7667,35.2333
2002-03-19 00:00:00,PSE,ISR,4,-10.0,5,24,IS,31.7667,35.2333
2002-03-27 00:00:00,REB,ISR,4,-10.0,5,46,IS,32.3329,34.8599
2002-03-29 00:00:00,PSE,ISR,4,-10.0,6,39,IS,31.7667,35.2333
2002-04-01 00:00:00,ISR,,4,-10.0,5,17,IS,31.7667,35.2333
2002-04-03 00:00:00,ISR,PSE,4,-10.0,5,38,IS,31.7667,35.2333
2002-04-05 00:00:00,ISR,,4,-10.0,5,36,IS,31.5,34.75
2002-04-05 00:00:00,PSE,ISR,4,-10.0,5,38,IS,31.7667,35.2333
2002-04-07 00:00:00,ISR,PSE,4,-10.0,5,59,IS,31.5,34.75
2002-04-11 00:00:00,ISR,PSE,4,-10.0,5,40,IS,31.7667,35.2333
2002-04-12 00:00:00,ISR,PSE,4,-10.0,5,39,IS,31.5,34.75
2002-04-16 00:00:00,ISR,PSE,4,-10.0,5,63,IS,31.5,34.75
2002-04-24 00:00:00,ISR,PSE,4,-10.0,5,35,IS,31.5,34.75
2002-05-19 00:00:00,,ISR,4,-10.0,5,31,IS,32.3329,34.8599
2002-05-28 00:00:00,ISR,PSE,4,-10.0,5,38,IS,32.0667,34.7667
2002-06-18 00:00:00,REB,ISR,4,-10.0,5,36,IS,31.7667,35.2333
2002-07-19 00:00:00,COP,EDU,4,-10.0,5,44,KE,-1.28333,36.8167
2002-07-19 00:00:00,EDU,COP,4,-10.0,5,44,KE,-1.28333,36.8167
2002-07-23 00:00:00,,ISR,4,-10.0,5,28,IS,31.4167,34.3333
2002-07-23 00:00:00,ISR,,4,-10.0,5,50,IS,31.4167,34.3333
2002-07-23 00:00:00,ISR,CVL,4,-10.0,5,31,IS,31.4167,34.3333
2002-07-23 00:00:00,ISR,PSE,4,-10.0,5,71,IS,31.4167,34.3333
2002-07-23 00:00:00,ISR,PSE,4,-10.0,5,65,IS,31.4167,34.3333
2002-07-23 00:00:00,PSERE,ISR,4,-10.0,5,12,IS,31.4167,34.3333
2002-07-25 00:00:00,ISR,PSE,4,-10.0,5,26,IS,31.4167,34.3333
2002-07-31 00:00:00,PSERE,ISR,4,-10.0,5,28,IS,31.7667,35.2333
2002-08-01 00:00:00,,ISR,4,-10.0,5,37,IS,31.5,34.75
2002-08-04 00:00:00,ISR,,4,-10.0,5,35,IS,31.7667,35.2333
2002-08-08 00:00:00,ISR,PSE,4,-10.0,5,39,IS,31.7667,35.2333
2002-09-21 00:00:00,ISR,,4,-10.0,5,16,IS,32.0667,34.7667
2002-11-12 00:00:00,,EDU,4,-10.0,5,49,AF,34.5167,69.1833
2002-11-16 00:00:00,ISR,PSE,4,-10.0,5,24,IS,31.4167,34.3333
2002-11-18 00:00:00,ISR,,4,-10.0,5,20,IS,31.4167,34.3333
2002-12-27 00:00:00,FRA,,4,-10.0,5,23,FR,46.0,2.0
2002-12-30 00:00:00,FRA,REB,4,-10.0,5,30,FR,46.0,2.0
2002-12-30 00:00:00,FRA,REB,4,-10.0,6,53,FR,46.0,2.0
2002-12-30 00:00:00,REB,FRA,4,-10.0,5,30,FR,46.0,2.0
2002-12-30 00:00:00,REB,FRA,4,-10.0,6,53,FR,46.0,2.0
2003-01-07 00:00:00,FRA,REB,4,-10.0,6,47,FR,45.6333,5.73333
2003-01-08 00:00:00,FRA,REB,4,-10.0,5,71,FR,45.6333,5.73333
2003-01-20 00:00:00,COP,GBR,4,-10.0,5,61,UK,51.5,-0.116667
2003-01-28 00:00:00,ISR,PSE,4,-10.0,5,32,IS,31.4167,34.3333
2003-01-28 00:00:00,PSE,ISR,4,-10.0,5,36,IS,31.4167,34.3333
2003-01-30 00:00:00,MIL,IRQ,4,-10.0,6,58,IZ,33.0,44.0
2003-01-31 00:00:00,,UAF,4,-10.0,5,13,AF,31.0058,66.4
2003-02-06 00:00:00,GBR,GBRCO,4,-10.0,5,12,UK,51.5,-0.116667
2003-02-06 00:00:00,ISR,PSE,4,-10.0,5,20,IS,31.4167,34.3333
2003-02-09 00:00:00,IRN,IRQ,4,-10.0,5,28,IZ,33.0,44.0
2003-02-09 00:00:00,IRQ,IRN,4,-10.0,5,28,IZ,33.0,44.0
2003-02-17 00:00:00,ISR,PSERE,4,-10.0,5,26,IS,31.4167,34.3333
2003-02-17 00:00:00,SAU,GOV,4,-10.0,5,21,SA,24.6408,46.7728
2003-02-17 00:00:00,MED,RUS,4,-10.0,7,80,RS,60.0,100.0
2003-02-18 00:00:00,ISR,PSE,4,-10.0,6,31,IS,31.4167,34.3333
2003-02-19 00:00:00,,PSE,4,-10.0,5,24,IS,31.4167,34.3333
2003-02-19 00:00:00,LKA,MEDLA,4,-10.0,6,60,CE,6.93194,79.8478
2003-02-20 00:00:00,SAU,GBR,4,-10.0,5,9,SA,24.6408,46.7728
2003-02-21 00:00:00,ISR,PSE,4,-10.0,5,28,IS,31.5,34.75
2003-02-21 00:00:00,ISR,PSE,4,-10.0,5,17,IS,31.5,34.75
2003-02-24 00:00:00,GBR,,4,-10.0,5,11,UK,51.5,-0.116667
2003-02-25 00:00:00,ISR,PSE,4,-10.0,6,26,IS,31.5,34.75
2003-02-28 00:00:00,HLH, CHN,4,-10.0,12,130,CH,39.9289,116.388
2003-02-28 00:00:00,HLH, CHN,4,-10.0,10,100,CH,29.8663,115.845
2003-03-04 00:00:00,ISR,PSE,4,-10.0,5,34,IS,31.5,34.75
2003-03-05 00:00:00,ISR,,4,-10.0,5,78,IS,32.0667,34.7667
2003-03-05 00:00:00,REB,ISR,4,-10.0,5,60,IS,31.5,34.75
2003-03-07 00:00:00,MIL,IRQ,4,-10.0,6,30,IZ,33.0,44.0
2003-03-12 00:00:00,, REL,4,-10.0,10,88,UK,51.5,-0.116667
2003-03-12 00:00:00,, REL,4,-10.0,55,334,JO,31.0,36.0
2003-03-12 00:00:00,, REL,4,-10.0,21,168,UK,54.0,-2.0
2003-03-12 00:00:00,REL,,4,-10.0,10,88,UK,51.5,-0.116667
2003-03-12 00:00:00,REL,,4,-10.0,55,334,JO,31.0,36.0
2003-03-12 00:00:00,REL,,4,-10.0,21,168,UK,54.0,-2.0
2003-03-13 00:00:00,GOV,,4,-10.0,5,10,RB,44.8186,20.4681
2003-03-14 00:00:00,ISR,PSE,4,-10.0,5,35,IS,31.7667,35.2333
2003-03-18 00:00:00,MIL,IRQ,4,-10.0,5,59,IZ,33.0,44.0
2003-03-20 00:00:00,,IRQ,4,-10.0,5,62,IZ,33.3386,44.3939
2003-03-20 00:00:00,,IRQ,4,-10.0,6,77,IZ,33.3386,44.3939
2003-03-20 00:00:00,GBR,IRQ,4,-10.0,5,34,UK,54.0,-2.0
2003-03-20 00:00:00,IRQ,,4,-10.0,7,115,IZ,33.3386,44.3939
2003-03-20 00:00:00,IRQ,,4,-10.0,8,156,IZ,33.3386,44.3939
2003-03-20 00:00:00,IRQ,,4,-10.0,7,235,IZ,33.3386,44.3939
2003-03-20 00:00:00,IRQ,KWT,4,-10.0,5,30,IZ,33.3386,44.3939
2003-03-20 00:00:00,IRQ,USA,4,-10.0,6,42,IZ,33.3386,44.3939
2003-03-20 00:00:00,MIL,IRQ,4,-10.0,5,154,IZ,33.0,44.0
2003-03-20 00:00:00,USA,,4,-10.0,5,26,US,38.8951,-77.0364
2003-03-20 00:00:00,USA,IRQ,4,-10.0,7,94,IZ,33.3386,44.3939
2003-03-20 00:00:00,USA,IRQ,4,-10.0,5,53,US,38.8951,-77.0364
2003-03-20 00:00:00,USA,IRQ,4,-10.0,5,62,IZ,33.0,44.0
2003-03-21 00:00:00,,IRQ,4,-10.0,6,44,IZ,33.0,44.0
2003-03-21 00:00:00,IRQ,,4,-10.0,7,76,IZ,33.3386,44.3939
2003-03-21 00:00:00,IRQ,,4,-10.0,5,31,IZ,30.0362,47.9195
2003-03-21 00:00:00,IRQ,,4,-10.0,6,71,IZ,33.3386,44.3939
2003-03-21 00:00:00,IRQ,,4,-10.0,6,97,IZ,33.3386,44.3939
2003-03-21 00:00:00,IRQ,,4,-10.0,7,49,IZ,33.3386,44.3939
2003-03-21 00:00:00,IRQGO,IRQ,4,-10.0,5,36,IZ,33.3386,44.3939
2003-03-21 00:00:00,MIL,IRQ,4,-10.0,5,91,IZ,33.3386,44.3939
2003-03-22 00:00:00,,IRQ,4,-10.0,7,58,IZ,33.3386,44.3939
2003-03-22 00:00:00,IRQ,,4,-10.0,6,88,IZ,33.3386,44.3939
2003-03-22 00:00:00,IRQ,,4,-10.0,5,74,IZ,33.3386,44.3939
2003-03-22 00:00:00,IRQ,,4,-10.0,7,87,IZ,33.3386,44.3939
2003-03-22 00:00:00,IRQ,GOV,4,-10.0,5,19,IZ,33.3386,44.3939
2003-03-23 00:00:00,,IRQ,4,-10.0,8,57,IZ,33.3386,44.3939
2003-03-23 00:00:00,,IRQ,4,-10.0,5,30,IZ,33.0,44.0
2003-03-23 00:00:00,IRQ,,4,-10.0,8,130,IZ,33.3386,44.3939
2003-03-23 00:00:00,IRQ,,4,-10.0,5,55,IZ,33.3386,44.3939
2003-03-23 00:00:00,IRQ,,4,-10.0,6,51,IZ,33.3386,44.3939
2003-03-24 00:00:00,,IRQ,4,-10.0,7,134,IZ,33.3386,44.3939
2003-03-24 00:00:00,,IRQ,4,-10.0,5,36,IZ,31.0914,46.0872
2003-03-24 00:00:00,,IRQ,4,-10.0,5,44,IZ,30.0362,47.9195
2003-03-24 00:00:00,IRQ,,4,-10.0,7,98,IZ,33.3386,44.3939
2003-03-25 00:00:00,,IRQ,4,-10.0,5,55,IZ,33.3386,44.3939
2003-03-25 00:00:00,GBR,IRQ,4,-10.0,5,19,IZ,33.3386,44.3939
2003-03-25 00:00:00,IRQ,,4,-10.0,7,83,IZ,33.3386,44.3939
2003-03-25 00:00:00,IRQ,,4,-10.0,5,26,IZ,30.0362,47.9195
2003-03-25 00:00:00,IRQ,,4,-10.0,5,26,IZ,33.3386,44.3939
2003-03-25 00:00:00,IRQ,GBR,4,-10.0,5,31,UK,51.5,-0.116667
2003-03-25 00:00:00,, JEW,4,-10.0,8,8,IS,31.7667,35.2333
2003-03-25 00:00:00,, JEW,4,-10.0,21,100,LE,33.8719,35.5097
2003-03-25 00:00:00,, JEW,4,-10.0,6,26,LE,33.8333,35.8333
2003-03-25 00:00:00,JEW,,4,-10.0,11,21,IS,31.7667,35.2333
2003-03-25 00:00:00,JEW,,4,-10.0,18,82,LE,33.8719,35.5097
2003-03-25 00:00:00,JEW,,4,-10.0,6,26,LE,33.8333,35.8333
2003-03-26 00:00:00,,IRQ,4,-10.0,7,111,IZ,33.3386,44.3939
2003-03-26 00:00:00,IRQ,,4,-10.0,7,139,IZ,33.3386,44.3939
2003-03-26 00:00:00,IRQ,,4,-10.0,5,39,IZ,33.3386,44.3939
2003-03-26 00:00:00,IRQ,CVL,4,-10.0,6,37,IZ,33.3386,44.3939
2003-03-26 00:00:00,MIL,IRQ,4,-10.0,5,42,IZ,33.3386,44.3939
2003-03-27 00:00:00,,IRQ,4,-10.0,5,84,IZ,33.3386,44.3939
2003-03-27 00:00:00,IRQ,,4,-10.0,5,110,IZ,33.3386,44.3939
2003-03-27 00:00:00,IRQ,,4,-10.0,5,47,IZ,33.3386,44.3939
2003-03-27 00:00:00,IRQ,CVL,4,-10.0,5,71,IZ,33.3386,44.3939
2003-03-27 00:00:00,IRQ,GOV,4,-10.0,5,34,IZ,33.3386,44.3939
2003-03-27 00:00:00,MIL,IRQ,4,-10.0,6,42,IZ,33.3386,44.3939
2003-03-28 00:00:00,IRQ,,4,-10.0,6,49,IZ,33.3386,44.3939
2003-03-29 00:00:00,,IRQ,4,-10.0,5,14,IZ,33.3386,44.3939
2003-03-29 00:00:00,GOV,IRQ,4,-10.0,5,51,IZ,33.3386,44.3939
2003-03-29 00:00:00,IRQ,,4,-10.0,6,36,IZ,33.3386,44.3939
2003-03-29 00:00:00,IRQ,,4,-10.0,5,49,IZ,33.3386,44.3939
2003-03-29 00:00:00,IRQ,CVL,4,-10.0,5,52,IZ,33.3386,44.3939
2003-03-29 00:00:00,IRQ,GOV,4,-10.0,6,44,IZ,33.3386,44.3939
2003-03-29 00:00:00,IRQ,MIL,4,-10.0,6,28,IZ,33.3386,44.3939
2003-03-29 00:00:00,MIL,IRQ,4,-10.0,5,34,IZ,33.0,44.0
2003-03-30 00:00:00,,IRQ,4,-10.0,6,32,IZ,33.3386,44.3939
2003-03-30 00:00:00,IRQ,,4,-10.0,6,42,IZ,33.3386,44.3939
2003-03-31 00:00:00,,IRQ,4,-10.0,6,58,IZ,33.3386,44.3939
2003-03-31 00:00:00,IRQ,,4,-10.0,7,130,IZ,33.3386,44.3939
2003-03-31 00:00:00,USA,,4,-10.0,5,53,US,38.0,-97.0
2003-04-01 00:00:00,,IRQ,4,-10.0,7,119,IZ,33.3386,44.3939
2003-04-01 00:00:00,IRQ,,4,-10.0,5,79,IZ,33.3386,44.3939
2003-04-01 00:00:00,IRQ,,4,-10.0,5,66,IZ,33.3386,44.3939
2003-04-01 00:00:00,IRQ,,4,-10.0,6,152,IZ,33.3386,44.3939
2003-04-02 00:00:00,IRQ,,4,-10.0,6,118,IZ,33.3386,44.3939
2003-04-02 00:00:00,IRQ,,4,-10.0,5,67,IZ,33.3386,44.3939
2003-04-03 00:00:00,,IRQ,4,-10.0,5,129,IZ,33.3386,44.3939
2003-04-03 00:00:00,IRQ,,4,-10.0,6,129,IZ,33.3386,44.3939
2003-04-03 00:00:00,IRQ,,4,-10.0,5,73,IZ,33.3386,44.3939
2003-04-03 00:00:00,IRQ,USA,4,-10.0,5,42,IZ,33.3386,44.3939
2003-04-03 00:00:00,MIL,IRQ,4,-10.0,5,92,IZ,33.3386,44.3939
2003-04-04 00:00:00,,IRQ,4,-10.0,6,147,IZ,33.3386,44.3939
2003-04-04 00:00:00,IRQ,,4,-10.0,6,183,IZ,33.3386,44.3939
2003-04-04 00:00:00,IRQ,,4,-10.0,5,57,IZ,31.0914,46.0872
2003-04-04 00:00:00,IRQ,,4,-10.0,6,54,IZ,33.3386,44.3939
2003-04-04 00:00:00,IRQ,USA,4,-10.0,5,40,IZ,33.3406,44.4009
2003-04-04 00:00:00,MIL,IRQ,4,-10.0,5,39,IZ,33.3386,44.3939
2003-04-05 00:00:00,,IRQ,4,-10.0,6,83,IZ,33.3386,44.3939
2003-04-05 00:00:00,,IRQ,4,-10.0,6,63,IZ,31.0914,46.0872
2003-04-05 00:00:00,IRQ,,4,-10.0,7,80,IZ,33.3386,44.3939
2003-04-05 00:00:00,IRQ,,4,-10.0,5,43,IZ,31.0914,46.0872
2003-04-05 00:00:00,IRQ,,4,-10.0,7,137,IZ,33.3386,44.3939
2003-04-05 00:00:00,IRQ,MIL,4,-10.0,5,75,IZ,33.3386,44.3939
2003-04-05 00:00:00,IRQ,MIL,4,-10.0,5,25,IZ,31.0914,46.0872
2003-04-05 00:00:00,MIL,IRQ,4,-10.0,6,93,IZ,33.3386,44.3939
2003-04-06 00:00:00,,IRQ,4,-10.0,7,59,IZ,33.3386,44.3939
2003-04-06 00:00:00,IRQ,,4,-10.0,5,56,IZ,33.3386,44.3939
2003-04-06 00:00:00,IRQ,,4,-10.0,5,59,IZ,33.3386,44.3939
2003-04-06 00:00:00,IRQ,MIL,4,-10.0,8,43,IZ,33.3386,44.3939
2003-04-06 00:00:00,MIL,IRQ,4,-10.0,6,73,IZ,33.3386,44.3939
2003-04-06 00:00:00,RUS,IRQ,4,-10.0,5,15,IZ,33.3386,44.3939
2003-04-07 00:00:00,,IRQ,4,-10.0,6,68,IZ,33.3386,44.3939
2003-04-07 00:00:00,IRQ,,4,-10.0,6,182,IZ,33.3386,44.3939
2003-04-07 00:00:00,IRQ,,4,-10.0,5,32,IZ,33.3386,44.3939
2003-04-07 00:00:00,IRQ,,4,-10.0,5,102,IZ,33.3386,44.3939
2003-04-07 00:00:00,IRQ,IRQUA,4,-10.0,5,56,IZ,33.3386,44.3939
2003-04-07 00:00:00,IRQ,MIL,4,-10.0,5,37,IZ,33.3386,44.3939
2003-04-07 00:00:00,MIL,IRQ,4,-10.0,7,77,IZ,33.3386,44.3939
2003-04-07 00:00:00,USA,IRQ,4,-10.0,5,20,IZ,33.3386,44.3939
2003-04-08 00:00:00,,IRQ,4,-10.0,5,119,IZ,33.3386,44.3939
2003-04-08 00:00:00,,IRQ,4,-10.0,5,61,IZ,33.3386,44.3939
2003-04-08 00:00:00,IRQ,,4,-10.0,6,124,IZ,33.3386,44.3939
2003-04-08 00:00:00,IRQ,,4,-10.0,6,61,IZ,33.3386,44.3939
2003-04-08 00:00:00,IRQ,MED,4,-10.0,5,83,IZ,33.3386,44.3939
2003-04-08 00:00:00,IRQ,MIL,4,-10.0,5,34,IZ,33.3386,44.3939
2003-04-08 00:00:00,ISR,PSE,4,-10.0,5,58,IS,31.4167,34.3333
2003-04-08 00:00:00,ISR,PSE,4,-10.0,5,41,IS,31.4167,34.3333
2003-04-08 00:00:00,MIL,IRQ,4,-10.0,6,35,IZ,33.3386,44.3939
2003-04-08 00:00:00,USA,,4,-10.0,5,30,US,38.0,-97.0
2003-04-08 00:00:00,USA,IRQ,4,-10.0,5,63,IZ,33.3386,44.3939
2003-04-09 00:00:00,,IRQ,4,-10.0,6,82,IZ,33.3386,44.3939
2003-04-09 00:00:00,IRQ,,4,-10.0,9,129,IZ,33.3386,44.3939
2003-04-09 00:00:00,IRQ,,4,-10.0,5,74,IZ,33.3386,44.3939
2003-04-09 00:00:00,USA,IRQ,4,-10.0,5,46,IZ,33.3386,44.3939
2003-04-10 00:00:00,,IRQ,4,-10.0,6,49,IZ,33.3386,44.3939
2003-04-10 00:00:00,IRQ,,4,-10.0,7,114,IZ,33.3386,44.3939
2003-04-10 00:00:00,IRQ,MIL,4,-10.0,5,59,IZ,33.3386,44.3939
2003-04-10 00:00:00,MIL,IRQ,4,-10.0,5,57,IZ,33.3386,44.3939
2003-04-11 00:00:00,,USA,4,-10.0,5,38,US,38.0,-97.0
2003-04-11 00:00:00,USA,,4,-10.0,6,39,US,38.0,-97.0
2003-04-12 00:00:00,,IRQ,4,-10.0,6,108,IZ,33.3386,44.3939
2003-04-12 00:00:00,IRQ,,4,-10.0,5,67,IZ,33.3386,44.3939
2003-04-13 00:00:00,,IRQ,4,-10.0,5,31,IZ,33.3386,44.3939
2003-04-13 00:00:00,,IRQ,4,-10.0,5,56,IZ,33.0,44.0
2003-04-16 00:00:00,,IRQ,4,-10.0,5,58,IZ,33.3386,44.3939
2003-04-16 00:00:00,,USA,4,-10.0,6,40,US,38.0,-97.0
2003-04-16 00:00:00,UAF,,4,-10.0,5,38,IS,31.5,34.75
2003-04-17 00:00:00,,IRQ,4,-10.0,5,70,IZ,33.3386,44.3939
2003-04-17 00:00:00,,RUS,4,-10.0,5,45,RS,55.7522,37.6156
2003-04-17 00:00:00,IRQ,,4,-10.0,6,54,IZ,33.0,44.0
2003-04-19 00:00:00,ISR,,4,-10.0,5,20,IS,31.5,34.75
2003-04-20 00:00:00,,PSE,4,-10.0,5,32,IS,31.5,34.75
2003-04-20 00:00:00,ISR,PSE,4,-10.0,5,39,IS,31.5,34.75
2003-04-20 00:00:00,PSE,,4,-10.0,5,46,IS,31.5,34.75
2003-04-20 00:00:00,PSE,ISR,4,-10.0,6,30,IS,31.5,34.75
2003-04-22 00:00:00,IRQ,,4,-10.0,5,33,IZ,33.3386,44.3939
2003-05-01 00:00:00,ISR,PSE,4,-10.0,5,75,IS,31.4167,34.3333
2003-05-01 00:00:00,PSE,ISR,4,-10.0,5,53,IS,31.4167,34.3333
2003-05-02 00:00:00,REB,BDI,4,-10.0,5,7,BY,-3.37611,29.36
2003-05-04 00:00:00,SAU,,4,-10.0,5,17,SA,24.6408,46.7728
2003-05-13 00:00:00,,SAU,4,-10.0,6,42,SA,24.6408,46.7728
2003-05-13 00:00:00,SAU,,4,-10.0,5,30,SA,24.6408,46.7728
2003-05-13 00:00:00,SAU,,4,-10.0,5,37,SA,24.6408,46.7728
2003-05-14 00:00:00,SAU,,4,-10.0,5,58,SA,24.6408,46.7728
2003-05-15 00:00:00,SAU,,4,-10.0,5,25,SA,24.6408,46.7728
2003-05-17 00:00:00,ISR,PSE,4,-10.0,6,45,IS,31.7667,35.2333
2003-05-17 00:00:00,MAR,,4,-10.0,5,57,MO,33.59,-7.61
2003-05-18 00:00:00,ISR,,4,-10.0,5,87,IS,31.7667,35.2333
2003-05-19 00:00:00,REB,ISR,4,-10.0,6,42,IS,31.7667,35.2333
2003-05-21 00:00:00,,AFG,4,-10.0,5,67,AF,34.5167,69.1833
2003-05-21 00:00:00,GOV,AFG,4,-10.0,5,31,AF,34.5167,69.1833
2003-05-21 00:00:00,USA,AFG,4,-10.0,6,39,AF,34.5167,69.1833
2003-06-06 00:00:00,GOV,,4,-10.0,5,44,LI,6.31056,-10.8047
2003-06-06 00:00:00,RUS,BUS,4,-10.0,5,27,RS,55.7522,37.6156
2003-06-09 00:00:00,,LBR,4,-10.0,6,31,LI,6.31056,-10.8047
2003-06-09 00:00:00,ISR,PSE,4,-10.0,5,17,IS,31.5,34.75
2003-06-10 00:00:00,ISR,PSE,4,-10.0,5,47,IS,31.5,34.75
2003-06-11 00:00:00,ISR,,4,-10.0,6,60,IS,31.7667,35.2333
2003-06-11 00:00:00,ISR,PSE,4,-10.0,6,79,IS,31.7667,35.2333
2003-06-11 00:00:00,ISR,PSE,4,-10.0,6,149,IS,31.4167,34.3333
2003-06-11 00:00:00,PSERE,ISR,4,-10.0,5,72,IS,31.7667,35.2333
2003-06-11 00:00:00,REB,ISR,4,-10.0,6,118,IS,31.7667,35.2333
2003-06-12 00:00:00,ISR,,4,-10.0,5,34,IS,31.7667,35.2333
2003-06-12 00:00:00,ISR,,4,-10.0,5,51,IS,31.4167,34.3333
2003-06-12 00:00:00,ISR,PSE,4,-10.0,5,63,IS,31.4167,34.3333
2003-06-12 00:00:00,ISR,PSE,4,-10.0,6,194,IS,31.4167,34.3333
2003-06-12 00:00:00,ISR,PSERE,4,-10.0,5,37,IS,31.4167,34.3333
2003-06-12 00:00:00,PSE,ISR,4,-10.0,5,27,IS,31.7667,35.2333
2003-06-13 00:00:00,ISR,PSE,4,-10.0,5,14,IS,31.4167,34.3333
2003-06-13 00:00:00,ISR,PSE,4,-10.0,5,129,IS,31.4167,34.3333
2003-06-13 00:00:00,ISR,PSERE,4,-10.0,5,28,IS,31.4167,34.3333
2003-06-14 00:00:00,ISR,PSERE,4,-10.0,5,24,IS,31.7667,35.2333
2003-06-15 00:00:00,MIL,IRQ,4,-10.0,5,29,IZ,33.3386,44.3939
2003-06-20 00:00:00,che,RUS,4,-10.0,5,13,RS,43.9611,47.6427
2003-06-22 00:00:00,ISR,SAUEL,4,-10.0,5,25,IS,31.7667,35.2333
2003-06-23 00:00:00,FRA,UAF,4,-10.0,5,26,FR,46.0,2.0
2003-06-25 00:00:00,,GBR,4,-10.0,6,41,UK,54.0,-2.0
2003-06-26 00:00:00,RUS,,4,-10.0,5,26,RS,55.7522,37.6156
2003-07-01 00:00:00,LBR,REB,4,-10.0,5,15,LI,6.31056,-10.8047
2003-07-03 00:00:00,IRQ,,4,-10.0,5,23,IZ,33.3386,44.3939
2003-07-04 00:00:00,USA,,4,-10.0,5,44,US,38.0,-97.0
2003-07-07 00:00:00,COP,NGA,4,-10.0,5,26,NI,6.45306,3.39583
2003-07-07 00:00:00,REB,,4,-10.0,5,31,RS,55.7522,37.6156
2003-07-08 00:00:00,IRQ,,4,-10.0,5,20,IZ,33.3386,44.3939
2003-07-09 00:00:00,IRQ,,4,-10.0,5,35,IZ,33.3386,44.3939
2003-07-10 00:00:00,MIL,REB,4,-10.0,5,34,BY,-3.37611,29.36
2003-07-13 00:00:00,BDI,REB,4,-10.0,5,17,BY,-3.37611,29.36
2003-07-17 00:00:00,KOR,,4,-10.0,7,52,KS,37.5664,127.0
2003-07-17 00:00:00,RUS,,4,-10.0,5,27,RS,55.7522,37.6156
2003-07-22 00:00:00,IRQ,,4,-10.0,5,21,IZ,33.3386,44.3939
2003-07-23 00:00:00,REB,LBR,4,-10.0,5,29,LI,6.31056,-10.8047
2003-07-23 00:00:00,USA,,4,-10.0,5,62,US,38.0,-97.0
2003-07-25 00:00:00,MIL,REB,4,-10.0,6,42,LI,6.31056,-10.8047
2003-07-25 00:00:00,REB,MIL,4,-10.0,6,42,LI,6.31056,-10.8047
2003-07-25 00:00:00,RUS,che,4,-10.0,5,35,RS,47.2364,39.7139
2003-08-01 00:00:00,REB,,4,-10.0,5,23,NI,10.0,8.0
2003-08-04 00:00:00,AFG,,4,-10.0,5,16,AF,36.25,64.8333
2003-08-05 00:00:00,IDN,,4,-10.0,5,59,ID,-6.17444,106.829
2003-08-05 00:00:00,JPN,MIL,4,-10.0,5,37,JA,35.685,139.751
2003-08-07 00:00:00,,IRQ,4,-10.0,6,52,IZ,33.3386,44.3939
2003-08-07 00:00:00,IDN,,4,-10.0,5,47,ID,-6.17444,106.829
2003-08-08 00:00:00,KOR,,4,-10.0,5,31,KS,37.5664,127.0
2003-08-13 00:00:00,,ISR,4,-10.0,5,25,IS,32.0667,34.7667
2003-08-14 00:00:00,ISR,PSE,4,-10.0,6,23,IS,31.5,34.75
2003-08-14 00:00:00,SAU,,4,-10.0,5,41,SA,24.6408,46.7728
2003-08-18 00:00:00,IRQ,MED,4,-10.0,6,55,IZ,33.3386,44.3939
2003-08-18 00:00:00,SAU,,4,-10.0,5,24,SA,26.4344,50.1033
2003-08-20 00:00:00,,IRQ,4,-10.0,5,33,IZ,33.3386,44.3939
2003-08-20 00:00:00,IRQ,,4,-10.0,6,52,IZ,33.3406,44.4009
2003-08-20 00:00:00,IRQ,,4,-10.0,5,44,IZ,33.3406,44.4009
2003-08-20 00:00:00,ISR,,4,-10.0,5,50,IS,31.7667,35.2333
2003-08-21 00:00:00,ISR,PSE,4,-10.0,5,43,IS,31.4167,34.3333
2003-08-21 00:00:00,ISR,PSERE,4,-10.0,5,54,IS,31.7667,35.2333
2003-08-23 00:00:00,IRQ,,4,-10.0,5,53,IZ,33.3386,44.3939
2003-08-24 00:00:00,ISR,PSE,4,-10.0,5,68,IS,31.4167,34.3333
2003-08-27 00:00:00,PRK,KOR,4,-10.0,5,31,KN,40.0,127.0
2003-09-06 00:00:00,ISR,PSE,4,-10.0,6,29,IS,31.4167,34.3333
2003-09-09 00:00:00,ISR,PSERE,4,-10.0,5,32,IS,31.7667,35.2333
2003-09-10 00:00:00,ISR,,4,-10.0,5,29,IS,31.7667,35.2333
2003-09-10 00:00:00,ISR,PSERE,4,-10.0,5,37,IS,31.7667,35.2333
2003-09-12 00:00:00,ISR,PSE,4,-10.0,5,19,IS,31.7667,35.2333
2003-09-13 00:00:00,ISR,,4,-10.0,6,32,IS,31.5,34.75
2003-09-16 00:00:00,EDU,HLH,4,-10.0,27,260,RS,55.7522,37.6156
2003-09-20 00:00:00,UAF,MAR,4,-10.0,10,56,MO,33.59,-7.61
2003-09-20 00:00:00,UAF,REB,4,-10.0,9,33,MO,33.59,-7.61
2003-09-20 00:00:00,UAF,REB,4,-10.0,9,33,MO,33.59,-7.61
2003-09-23 00:00:00,USA,,4,-10.0,5,18,US,38.0,-97.0
2003-09-24 00:00:00,IRQ,,4,-10.0,5,19,IZ,33.3386,44.3939
2003-09-25 00:00:00,USA,,4,-10.0,5,11,US,38.8951,-77.0364
2003-10-01 00:00:00,UIS,,4,-10.0,10,100,AF,33.0,65.0
2003-10-04 00:00:00,,IRQ,4,-10.0,5,48,IZ,33.3386,44.3939
2003-10-05 00:00:00,ISR,SYR,4,-10.0,5,58,IS,31.5,34.75
2003-10-05 00:00:00,ISR,SYR,4,-10.0,5,46,IS,31.5,34.75
2003-10-07 00:00:00,UAF,CVL,4,-10.0,5,37,RW,-1.95361,30.0606
2003-10-10 00:00:00,,AFG,4,-10.0,5,21,AF,36.709,67.1109
2003-10-11 00:00:00,ISR,PSE,4,-10.0,6,37,IS,31.5,34.75
2003-10-11 00:00:00,ISR,PSE,4,-10.0,5,23,IS,31.5,34.75
2003-10-13 00:00:00,IRQ,USA,4,-10.0,5,41,IZ,33.3386,44.3939
2003-10-15 00:00:00,PSE,USA,4,-10.0,6,37,US,38.0,-97.0
2003-10-18 00:00:00,ISR,PSE,4,-10.0,5,40,IS,31.5,34.75
2003-10-20 00:00:00,ISR,,4,-10.0,6,43,IS,31.4167,34.3333
2003-10-20 00:00:00,ISR,PSE,4,-10.0,7,141,IS,31.4167,34.3333
2003-10-20 00:00:00,ISR,PSE,4,-10.0,5,112,IS,31.5,34.75
2003-10-20 00:00:00,PSE,ISR,4,-10.0,5,45,IS,31.4167,34.3333
2003-10-21 00:00:00,ISR,PSE,4,-10.0,5,51,IS,31.5,34.75
2003-10-22 00:00:00,ETH,UAF,4,-10.0,7,26,SO,2.06667,45.3667
2003-10-22 00:00:00,ETH,UAF,4,-10.0,7,78,ET,8.0,38.0
2003-10-22 00:00:00,ETH,UAF,4,-10.0,15,62,ET,8.0,38.0
2003-10-22 00:00:00,ETH,UAF,4,-10.0,8,76,ET,8.0,38.0
2003-10-22 00:00:00,ETH,UAF,4,-10.0,7,30,SO,10.0,49.0
2003-10-22 00:00:00,UAF,ETH,4,-10.0,7,26,SO,2.06667,45.3667
2003-10-22 00:00:00,UAF,ETH,4,-10.0,7,78,ET,8.0,38.0
2003-10-22 00:00:00,UAF,ETH,4,-10.0,15,62,ET,8.0,38.0
2003-10-22 00:00:00,UAF,ETH,4,-10.0,8,76,ET,8.0,38.0
2003-10-22 00:00:00,UAF,ETH,4,-10.0,7,30,SO,10.0,49.0
2003-10-23 00:00:00,RUS,,4,-10.0,6,40,RS,55.7522,37.6156
2003-10-27 00:00:00,,IRQ,4,-10.0,7,72,IZ,33.3386,44.3939
2003-10-27 00:00:00,ISR,,4,-10.0,5,39,IS,31.7667,35.2333
2003-10-27 00:00:00,ISRMI,,4,-10.0,5,21,IS,31.5,34.75
2003-10-28 00:00:00,IRQ,,4,-10.0,6,36,IZ,33.3386,44.3939
2003-10-28 00:00:00,IRQ,,4,-10.0,5,13,IZ,33.3386,44.3939
2003-10-28 00:00:00,IRQ,USA,4,-10.0,5,24,IZ,33.3386,44.3939
2003-10-29 00:00:00,IRQ,,4,-10.0,5,37,IZ,33.3386,44.3939
2003-10-30 00:00:00,KOR,PRK,4,-10.0,5,7,KN,40.0,127.0
2003-11-02 00:00:00,IRQ,,4,-10.0,6,35,IZ,33.3386,44.3939
2003-11-03 00:00:00,IRQ,,4,-10.0,5,43,IZ,33.3386,44.3939
2003-11-03 00:00:00,UAF,COP,4,-10.0,5,47,SA,21.4267,39.8261
2003-11-04 00:00:00,IRQ,,4,-10.0,5,33,IZ,33.3386,44.3939
2003-11-05 00:00:00,KHM,,4,-10.0,5,13,CB,10.8363,104.457
2003-11-06 00:00:00,IDN,SEP,4,-10.0,5,28,ID,-6.17444,106.829
2003-11-06 00:00:00,ISR,PSE,4,-10.0,5,35,IS,31.7667,35.2333
2003-11-12 00:00:00,ITA,ITACO,4,-10.0,5,9,IT,42.8333,12.8333
2003-11-20 00:00:00,,TUR,4,-10.0,6,20,TU,41.0186,28.9647
2003-11-20 00:00:00,MED,TUR,4,-10.0,5,45,TU,41.0186,28.9647
2003-11-21 00:00:00,GBR,GBRGO,4,-10.0,5,26,UK,54.0,-2.0
2003-11-21 00:00:00,GBRGO,,4,-10.0,5,36,UK,54.0,-2.0
2003-11-29 00:00:00,CRM,,4,-10.0,10,26,EI,53.3331,-6.24889
2003-11-29 00:00:00,CRM,,4,-10.0,5,12,EI,53.0,-8.0
2003-11-29 00:00:00,GBRCR,GBR,4,-10.0,14,150,UK,54.5833,-5.93333
2003-12-05 00:00:00,RUS,,4,-10.0,5,35,RS,55.7522,37.6156
2003-12-07 00:00:00,IMGMO,MOSSH,4,-10.0,6,16,SY,33.5,36.3
2003-12-07 00:00:00,IMGMO,MOSSH,4,-10.0,8,96,IZ,33.0,44.0
2003-12-07 00:00:00,HIN,MOS,4,-10.0,5,43,IN,21.6333,86.6
2003-12-07 00:00:00,MOS,HIN,4,-10.0,5,43,IN,17.3753,78.4744
2003-12-08 00:00:00,IMGMO,MOSSH,4,-10.0,5,40,IZ,33.0,44.0
2003-12-09 00:00:00,JPN,,4,-10.0,5,33,JA,35.685,139.751
2003-12-10 00:00:00,ISR,PSE,4,-10.0,5,41,IS,31.5,34.75
2003-12-11 00:00:00,ISR,PSE,4,-10.0,5,90,IS,31.5,34.75
2003-12-15 00:00:00,,IRQ,4,-10.0,5,20,IZ,31.0914,46.0872
2003-12-15 00:00:00,IRQ,,4,-10.0,5,20,IZ,31.0914,46.0872
2003-12-16 00:00:00,IRQ,AFG,4,-10.0,6,48,IZ,33.0,44.0
2003-12-16 00:00:00,IRQ,AFG,4,-10.0,6,12,IZ,33.0,44.0
2003-12-17 00:00:00,IRQ,,4,-10.0,5,17,IZ,31.0914,46.0872
2003-12-17 00:00:00,USA,,4,-10.0,5,18,US,38.0,-97.0
2003-12-20 00:00:00,USACV,USA,4,-10.0,5,50,US,38.4623,-92.302
2003-12-23 00:00:00,PSE,ISR,4,-10.0,6,37,IS,31.5,34.75
2003-12-25 00:00:00,ISR,PSE,4,-10.0,5,74,IS,31.4167,34.3333
2003-12-29 00:00:00,VENGO,,4,-10.0,15,180,VE,10.5,-66.9167
2003-12-30 00:00:00,VENGO,,4,-10.0,6,70,VE,10.5,-66.9167
2004-01-01 00:00:00,IRQ,,4,-10.0,5,11,IZ,33.3386,44.3939
2004-01-02 00:00:00,IRQ,,4,-10.0,6,27,IZ,33.3386,44.3939
2004-01-04 00:00:00,IDN,,4,-10.0,12,136,ID,-6.17444,106.829
2004-01-12 00:00:00,RUS,,4,-10.0,6,10,RS,55.7522,37.6156
2004-01-17 00:00:00,LBN,,4,-10.0,5,34,LE,33.8719,35.5097
2004-01-17 00:00:00,USA,USACV,4,-10.0,6,24,US,38.4623,-92.302
2004-01-17 00:00:00,USACV,,4,-10.0,6,18,US,38.4623,-92.302
2004-01-17 00:00:00,USACV,USA,4,-10.0,6,18,US,38.4623,-92.302
2004-01-25 00:00:00,ISR,,4,-10.0,5,21,IS,31.5,34.75
2004-01-28 00:00:00,ISR,PSE,4,-10.0,5,85,IS,31.4167,34.3333
2004-01-28 00:00:00,PSE,ISR,4,-10.0,5,62,IS,31.4167,34.3333
2004-01-29 00:00:00,ISR,,4,-10.0,5,40,IS,31.7667,35.2333
2004-01-29 00:00:00,ISR,PSE,4,-10.0,6,27,IS,31.7667,35.2333
2004-01-29 00:00:00,REB,IRQ,4,-10.0,5,20,IZ,33.3386,44.3939
2004-02-02 00:00:00,,IRQ,4,-10.0,6,40,IZ,33.3386,44.3939
2004-02-02 00:00:00,,IRQ,4,-10.0,5,20,IZ,36.1926,44.0106
2004-02-03 00:00:00,,RUS,4,-10.0,6,25,RS,55.7522,37.6156
2004-02-11 00:00:00,PSE,ISR,4,-10.0,5,127,IS,31.4167,34.3333
2004-02-12 00:00:00,IRQ,,4,-10.0,6,102,IZ,33.3386,44.3939
2004-02-12 00:00:00,ISR,PSE,4,-10.0,6,49,IS,31.4167,34.3333
2004-02-12 00:00:00,MED,MEX,4,-10.0,5,50,MX,19.3833,-100.133
2004-02-12 00:00:00,MEX,MED,4,-10.0,5,50,MX,19.3833,-100.133
2004-02-15 00:00:00,IRQ,,4,-10.0,5,7,IZ,33.3386,44.3939
2004-02-16 00:00:00,CAN,AFG,4,-10.0,5,31,CA,60.0,-95.0
2004-02-18 00:00:00,IRQ,,4,-10.0,6,26,IZ,33.3386,44.3939
2004-02-21 00:00:00,ISR,PSE,4,-10.0,5,36,IS,31.5,34.75
2004-02-21 00:00:00,PSE,ISR,4,-10.0,5,12,IS,31.5,34.75
2004-02-26 00:00:00,PSE,ISR,4,-10.0,5,30,IS,31.7667,35.2333
2004-02-28 00:00:00,ISR,PSE,4,-10.0,5,62,IS,31.4167,34.3333
2004-03-01 00:00:00,COP,MEX,4,-10.0,8,16,MX,18.4917,-93.75
2004-03-04 00:00:00,IRQ,,4,-10.0,6,35,IZ,33.3386,44.3939
2004-03-04 00:00:00,ISR,PSE,4,-10.0,5,19,IS,31.5,34.75
2004-03-08 00:00:00,ISR,PSE,4,-10.0,5,22,IS,31.7333,34.9333
2004-03-11 00:00:00,ESP,,4,-10.0,6,38,SP,40.4,-3.68333
2004-03-11 00:00:00,ESPGO,ESP,4,-10.0,5,19,SP,40.4,-3.68333
2004-03-16 00:00:00,ISR,PSE,4,-10.0,5,52,IS,31.75,34.6667
2004-03-17 00:00:00,,ALB,4,-10.0,5,53,AL,41.0,20.0
2004-03-17 00:00:00,ALB,,4,-10.0,5,47,AL,41.0,20.0
2004-03-17 00:00:00,IRQ,,4,-10.0,5,25,IZ,33.3386,44.3939
2004-03-17 00:00:00,ISR,PSE,4,-10.0,6,46,IS,31.75,34.6667
2004-03-18 00:00:00,,ALB,4,-10.0,5,47,AL,41.0,20.0
2004-03-18 00:00:00,ALB,,4,-10.0,6,45,AL,41.0,20.0
2004-03-18 00:00:00,IRQ,,4,-10.0,5,101,IZ,33.3386,44.3939
2004-03-19 00:00:00,,UAF,4,-10.0,5,59,PK,33.7,73.1667
2004-03-19 00:00:00,MED,USAMI,4,-10.0,5,16,US,38.8951,-77.0364
2004-03-19 00:00:00,TWN,GOV,4,-10.0,5,40,TW,25.0478,121.532
2004-03-19 00:00:00,TWN,TWNGO,4,-10.0,5,94,TW,25.0478,121.532
2004-03-22 00:00:00,,ISR,4,-10.0,5,39,IS,31.4167,34.3333
2004-03-22 00:00:00,,ISR,4,-10.0,5,48,IS,31.5,34.75
2004-03-22 00:00:00,ISR,,4,-10.0,6,37,IS,31.7667,35.2333
2004-03-22 00:00:00,ISR,,4,-10.0,7,78,IS,31.5,34.75
2004-03-22 00:00:00,ISR,,4,-10.0,6,55,IS,31.5,34.75
2004-03-22 00:00:00,ISR,,4,-10.0,5,83,IS,31.4167,34.3333
2004-03-22 00:00:00,ISR,PSE,4,-10.0,6,63,IS,31.4167,34.3333
2004-03-22 00:00:00,ISR,PSE,4,-10.0,5,71,IS,31.5,34.75
2004-03-22 00:00:00,ISR,PSE,4,-10.0,5,44,IS,31.5,34.75
2004-03-22 00:00:00,ISR,PSERE,4,-10.0,5,20,IS,31.4167,34.3333
2004-03-22 00:00:00,ISR,PSERE,4,-10.0,5,38,IS,31.4167,34.3333
2004-03-22 00:00:00,PSE,ISR,4,-10.0,5,38,IS,31.4167,34.3333
2004-03-22 00:00:00,PSE,ISR,4,-10.0,5,39,IS,31.5,34.75
2004-03-22 00:00:00,PSERE,ISR,4,-10.0,7,51,IS,31.5,34.75
2004-03-22 00:00:00,MOSGO,IMGMO,4,-10.0,9,46,SY,35.0,38.0
2004-03-22 00:00:00,MOSGO,IMGMO,4,-10.0,8,144,SY,35.0,38.0
2004-03-23 00:00:00,ISR,,4,-10.0,6,44,IS,31.5,34.75
2004-03-23 00:00:00,ISR,,4,-10.0,5,38,IS,31.5,34.75
2004-03-23 00:00:00,ISR,,4,-10.0,6,46,IS,31.4167,34.3333
2004-03-23 00:00:00,ISR,,4,-10.0,6,68,IS,31.5,34.75
2004-03-23 00:00:00,ISR,PSE,4,-10.0,5,36,IS,31.4167,34.3333
2004-03-23 00:00:00,PSE,ISR,4,-10.0,6,13,IS,31.5,34.75
2004-03-23 00:00:00,PSE,PSERE,4,-10.0,6,29,IS,31.4167,34.3333
2004-03-23 00:00:00,SWE,SWEGO,4,-10.0,5,15,SW,59.3333,18.05
2004-03-25 00:00:00,,COP,4,-10.0,5,24,IZ,33.3386,44.3939
2004-03-25 00:00:00,ISR,,4,-10.0,5,28,IS,31.5,34.75
2004-03-25 00:00:00,OPP,COP,4,-10.0,5,54,IV,5.34111,-4.02806
2004-03-26 00:00:00,,IRQ,4,-10.0,5,48,IZ,33.3386,44.3939
2004-03-26 00:00:00,IRQ,,4,-10.0,5,13,IZ,33.3386,44.3939
2004-03-29 00:00:00,,UZB,4,-10.0,5,44,UZ,41.3167,69.25
2004-04-02 00:00:00,PSE,ISR,4,-10.0,5,41,IS,31.7667,35.2333
2004-04-04 00:00:00,IRQ,MIL,4,-10.0,5,61,IZ,33.3386,44.3939
2004-04-05 00:00:00,IRQ,,4,-10.0,6,103,IZ,33.3386,44.3939
2004-04-06 00:00:00,,IRQ,4,-10.0,6,65,IZ,33.3386,44.3939
2004-04-06 00:00:00,IRQ,,4,-10.0,6,56,IZ,33.3386,44.3939
2004-04-06 00:00:00,USA,,4,-10.0,5,43,US,38.0,-97.0
2004-04-07 00:00:00,,IRQ,4,-10.0,7,129,IZ,33.3386,44.3939
2004-04-07 00:00:00,,MIL,4,-10.0,5,21,IZ,33.3386,44.3939
2004-04-07 00:00:00,IRQ,,4,-10.0,5,64,IZ,33.3386,44.3939
2004-04-07 00:00:00,MIL,IRQ,4,-10.0,5,33,IZ,33.3386,44.3939
2004-04-07 00:00:00,USA,IRQ,4,-10.0,5,21,IZ,33.3386,44.3939
2004-04-08 00:00:00,USA,IRQ,4,-10.0,5,23,IZ,33.3386,44.3939
2004-04-09 00:00:00,,IRQ,4,-10.0,5,37,IZ,33.3386,44.3939
2004-04-12 00:00:00,,RUS,4,-10.0,5,27,RS,55.7522,37.6156
2004-04-14 00:00:00,IRQ,,4,-10.0,5,36,IZ,33.3386,44.3939
2004-04-15 00:00:00,,USA,4,-10.0,6,10,US,40.1244,-111.626
2004-04-15 00:00:00,,USA,4,-10.0,7,14,US,40.7608,-111.891
2004-04-15 00:00:00,IRQ,IRNGO,4,-10.0,5,24,IR,32.0,53.0
2004-04-16 00:00:00,,USA,4,-10.0,20,49,US,40.1244,-111.626
2004-04-16 00:00:00,,USA,4,-10.0,16,27,US,40.7608,-111.891
2004-04-16 00:00:00,,USA,4,-10.0,8,10,US,40.7608,-111.891
2004-04-16 00:00:00,,USA,4,-10.0,6,8,US,40.7608,-111.891
2004-04-16 00:00:00,,USA,4,-10.0,7,16,US,40.1135,-111.854
2004-04-17 00:00:00,ISR,PSERE,4,-10.0,5,19,IS,31.4167,34.3333
2004-04-17 00:00:00,ISR,PSERE,4,-10.0,5,42,IS,31.4167,34.3333
2004-04-18 00:00:00,IRQ,MED,4,-10.0,7,60,SY,33.5,36.3
2004-04-18 00:00:00,IRQ,MED,4,-10.0,18,146,IZ,33.0,44.0
2004-04-18 00:00:00,IRQ,MED,4,-10.0,11,23,RP,13.0,122.0
2004-04-18 00:00:00,MED,IRQ,4,-10.0,20,190,IZ,33.0,44.0
2004-04-18 00:00:00,MED,IRQ,4,-10.0,11,24,RP,13.0,122.0
2004-04-18 00:00:00,IRQ,MIL,4,-10.0,5,71,IZ,33.3386,44.3939
2004-04-19 00:00:00,JPN,,4,-10.0,5,10,JA,35.685,139.751
2004-04-23 00:00:00,ISR,PSE,4,-10.0,5,26,IS,31.7667,35.2333
2004-04-23 00:00:00,SAU,UAF,4,-10.0,5,32,SA,21.5169,39.2192
2004-04-25 00:00:00,IRQ,,4,-10.0,6,31,IZ,33.3386,44.3939
2004-04-27 00:00:00,ISR,PSE,4,-10.0,5,21,IS,31.5,34.75
2004-04-28 00:00:00,THA,,4,-10.0,6,33,TH,13.75,100.517
2004-04-29 00:00:00,IRQ,USA,4,-10.0,6,43,IZ,33.3386,44.3939
2004-04-30 00:00:00,USA,,4,-10.0,5,23,US,38.8951,-77.0364
2004-05-01 00:00:00,,USA,4,-10.0,7,35,US,38.0,-97.0
2004-05-08 00:00:00,GOV,NPL,4,-10.0,5,18,NP,27.7167,85.3167
2004-05-09 00:00:00,RUS,,4,-10.0,5,37,RS,43.9611,47.6427
2004-05-11 00:00:00,IRQ,USA,4,-10.0,6,25,IZ,33.3386,44.3939
2004-05-12 00:00:00,ISR,PSE,4,-10.0,5,94,IS,31.4167,34.3333
2004-05-12 00:00:00,ISR,PSE,4,-10.0,6,78,IS,31.5,34.75
2004-05-13 00:00:00,ISR,PSE,4,-10.0,6,73,IS,31.5,34.75
2004-05-14 00:00:00,IRQ,,4,-10.0,6,42,IZ,33.3386,44.3939
2004-05-14 00:00:00,ISR,REF,4,-10.0,5,31,IS,31.5,34.75
2004-05-14 00:00:00,PSE,ISR,4,-10.0,5,19,IS,31.5,34.75
2004-05-15 00:00:00,,IRQ,4,-10.0,5,48,IZ,33.3386,44.3939
2004-05-15 00:00:00,ISR,PSE,4,-10.0,5,33,IS,31.4167,34.3333
2004-05-17 00:00:00,,IRQ,4,-10.0,5,69,IZ,33.3386,44.3939
2004-05-17 00:00:00,IRQ,GOV,4,-10.0,5,37,IZ,33.3386,44.3939
2004-05-17 00:00:00,USA,IRQ,4,-10.0,5,35,IZ,33.3386,44.3939
2004-05-18 00:00:00,ISR,PSE,4,-10.0,7,145,IS,31.5,34.75
2004-05-19 00:00:00,,PSE,4,-10.0,5,38,IS,31.5,34.75
2004-05-19 00:00:00,ISR,PSE,4,-10.0,5,93,IS,31.5,34.75
2004-05-19 00:00:00,ISR,PSE,4,-10.0,5,46,IS,31.5,34.75
2004-05-20 00:00:00,ISR,PSE,4,-10.0,5,132,IS,31.5,34.75
2004-05-20 00:00:00,USA,,4,-10.0,5,19,US,38.8951,-77.0364
2004-05-21 00:00:00,IRQ,,4,-10.0,6,51,IZ,33.3386,44.3939
2004-05-23 00:00:00,,IRQ,4,-10.0,5,35,IZ,33.3386,44.3939
2004-05-26 00:00:00,,IRQ,4,-10.0,6,53,IZ,33.3386,44.3939
2004-05-26 00:00:00,,LAB,4,-10.0,6,60,IZ,33.3386,44.3939
2004-05-28 00:00:00,,IRQ,4,-10.0,5,14,IZ,33.3386,44.3939
2004-05-28 00:00:00,JPN,JPNGO,4,-10.0,5,16,JA,35.685,139.751
2004-05-29 00:00:00,SAU,UAF,4,-10.0,5,30,SA,26.2794,50.2083
2004-06-03 00:00:00,,IRQ,4,-10.0,6,37,IZ,33.3386,44.3939
2004-06-08 00:00:00,,IRQ,4,-10.0,5,22,IZ,33.3386,44.3939
2004-06-08 00:00:00,,USA,4,-10.0,5,42,US,38.0,-97.0
2004-06-08 00:00:00,IRQ,,4,-10.0,5,27,IZ,33.3386,44.3939
2004-06-08 00:00:00,IRQ,LVA,4,-10.0,5,32,LG,57.0,25.0
2004-06-08 00:00:00,PAK,REB,4,-10.0,10,82,PK,32.9509,69.9576
2004-06-08 00:00:00,PAK,REB,4,-10.0,5,10,US,38.8951,-77.0364
2004-06-08 00:00:00,REB,PAK,4,-10.0,10,82,PK,32.9509,69.9576
2004-06-08 00:00:00,REB,PAK,4,-10.0,5,10,US,38.8951,-77.0364
2004-06-11 00:00:00,,IRQ,4,-10.0,5,12,IZ,33.3386,44.3939
2004-06-11 00:00:00,IRQ,,4,-10.0,5,23,IZ,33.3386,44.3939
2004-06-11 00:00:00,IRQ,MIL,4,-10.0,5,19,IZ,33.3386,44.3939
2004-06-13 00:00:00,IRQ,COP,4,-10.0,7,50,IZ,33.3386,44.3939
2004-06-14 00:00:00,,IRQ,4,-10.0,6,34,IZ,33.3386,44.3939
2004-06-17 00:00:00,,IRQ,4,-10.0,5,53,IZ,33.3386,44.3939
2004-06-17 00:00:00,,IRQ,4,-10.0,5,30,IZ,33.3386,44.3939
2004-06-17 00:00:00,IRQ,,4,-10.0,7,52,IZ,33.3386,44.3939
2004-06-17 00:00:00,IRQ,,4,-10.0,5,52,IZ,33.3386,44.3939
2004-06-18 00:00:00,MOSSU,IRQ,4,-10.0,13,13,IZ,32.5312,44.4116
2004-06-18 00:00:00,MOSSU,IRQ,4,-10.0,15,17,IZ,36.3791,42.4481
2004-06-18 00:00:00,MIL,,4,-10.0,5,32,IZ,33.3386,44.3939
2004-06-19 00:00:00,SAU,UAF,4,-10.0,6,61,SA,24.6408,46.7728
2004-06-19 00:00:00,SAUCO,YEM,4,-10.0,5,22,SA,24.6408,46.7728
2004-06-24 00:00:00,IRQ,,4,-10.0,5,29,IZ,33.3386,44.3939
2004-06-26 00:00:00,,MMR,4,-10.0,5,36,BM,16.8053,96.1561
2004-06-26 00:00:00,ISR,PSE,4,-10.0,6,46,IS,31.5,34.75
2004-06-28 00:00:00,ISR,PSE,4,-10.0,5,40,IS,31.525,34.5969
2004-06-30 00:00:00,ISR,PSE,4,-10.0,5,34,IS,31.5,34.75
2004-07-03 00:00:00,IRQ,,4,-10.0,5,10,IZ,33.3386,44.3939
2004-07-05 00:00:00,,IRQ,4,-10.0,5,43,IZ,33.3386,44.3939
2004-07-07 00:00:00,IRQ,,4,-10.0,5,42,IZ,33.3386,44.3939
2004-07-08 00:00:00,UAF,IRQ,4,-10.0,5,10,IZ,34.1966,43.8739
2004-07-11 00:00:00,,ISR,4,-10.0,5,19,IS,32.0667,34.7667
2004-07-15 00:00:00,IRQ,,4,-10.0,5,57,IZ,33.3386,44.3939
2004-07-18 00:00:00,AFG,,4,-10.0,5,76,AF,34.5167,69.1833
2004-07-21 00:00:00,COP,,4,-10.0,5,55,SA,24.6408,46.7728
2004-07-25 00:00:00,ISR,PSE,4,-10.0,5,96,IS,31.4167,34.3333
2004-07-29 00:00:00,,IRQ,4,-10.0,5,21,IZ,33.3386,44.3939
2004-07-30 00:00:00,,IRQ,4,-10.0,5,29,IZ,33.3386,44.3939
2004-07-30 00:00:00,IRQ,REB,4,-10.0,5,30,IZ,33.3386,44.3939
2004-07-30 00:00:00,REB,IRQ,4,-10.0,5,20,IZ,33.3386,44.3939
2004-08-05 00:00:00,GBR,,4,-10.0,5,18,UK,51.4667,-0.45
2004-08-08 00:00:00,IRQ,,4,-10.0,5,71,IZ,33.3386,44.3939
2004-08-09 00:00:00,IRQ,,4,-10.0,6,25,IZ,33.3386,44.3939
2004-08-12 00:00:00,,IRQ,4,-10.0,5,45,IZ,33.3386,44.3939
2004-08-12 00:00:00,IRQ,,4,-10.0,5,37,IZ,33.3386,44.3939
2004-08-12 00:00:00,IRQCO,IRQ,4,-10.0,5,18,IZ,33.3386,44.3939
2004-08-14 00:00:00,,IRQ,4,-10.0,5,17,IZ,34.1966,43.8739
2004-08-18 00:00:00,,IRQ,4,-10.0,5,31,IZ,33.3386,44.3939
2004-08-22 00:00:00,,IRQ,4,-10.0,6,41,IZ,33.3386,44.3939
2004-08-24 00:00:00,,IRQ,4,-10.0,5,23,IZ,33.3386,44.3939
2004-08-29 00:00:00,che,RUS,4,-10.0,5,10,RS,43.9611,47.6427
2004-08-31 00:00:00,ISR,,4,-10.0,5,23,IS,31.2516,34.7863
2004-09-07 00:00:00,,IRQ,4,-10.0,5,60,IZ,33.3386,44.3939
2004-09-08 00:00:00,IRQ,,4,-10.0,5,23,IZ,33.3386,44.3939
2004-09-09 00:00:00,,IRQ,4,-10.0,6,31,IZ,33.3386,44.3939
2004-09-10 00:00:00,USA,,4,-10.0,5,33,US,38.0,-97.0
2004-09-12 00:00:00,,IRQ,4,-10.0,5,33,IZ,33.3386,44.3939
2004-09-12 00:00:00,ISR,IRQ,4,-10.0,5,32,IZ,33.3386,44.3939
2004-09-15 00:00:00,REB,IRQ,4,-10.0,5,33,IZ,33.3386,44.3939
2004-09-20 00:00:00,ISR,PSE,4,-10.0,5,84,IS,31.4167,34.3333
2004-09-22 00:00:00,PSERE,ISR,4,-10.0,5,68,IS,31.7667,35.2333
2004-09-25 00:00:00,ISR,PSE,4,-10.0,5,33,IS,31.5,34.75
2004-09-29 00:00:00,ISR,PSE,4,-10.0,5,43,IS,31.525,34.5969
2004-09-30 00:00:00,IRQ,,4,-10.0,5,24,IZ,33.3386,44.3939
2004-09-30 00:00:00,ISR,PSE,4,-10.0,6,94,IS,31.525,34.5969
2004-09-30 00:00:00,PSE,ISR,4,-10.0,5,84,IS,31.525,34.5969
2004-10-01 00:00:00,,REB,4,-10.0,5,21,IZ,34.1966,43.8739
2004-10-01 00:00:00,ISR,,4,-10.0,5,14,IS,31.5,34.75
2004-10-03 00:00:00,ISR,PSE,4,-10.0,5,36,IS,31.4167,34.3333
2004-10-03 00:00:00,ISR,PSE,4,-10.0,5,58,IS,31.5,34.75
2004-10-04 00:00:00,,IRQ,4,-10.0,5,28,IZ,33.3386,44.3939
2004-10-05 00:00:00,ISR,PSE,4,-10.0,6,57,IS,31.5,34.75
2004-10-09 00:00:00,ISR,PSE,4,-10.0,5,66,IS,31.5,34.75
2004-10-11 00:00:00,,IRQ,4,-10.0,5,35,IZ,33.3386,44.3939
2004-10-11 00:00:00,IRQ,,4,-10.0,7,26,IZ,33.3386,44.3939
2004-10-12 00:00:00,IRQ,,4,-10.0,5,22,IZ,33.3386,44.3939
2004-10-13 00:00:00,IRQ,,4,-10.0,5,36,IZ,33.3386,44.3939
2004-10-14 00:00:00,,IRQ,4,-10.0,5,62,IZ,33.3386,44.3939
2004-10-16 00:00:00,,IRQ,4,-10.0,6,19,IZ,33.3386,44.3939
2004-10-19 00:00:00,IRQ,,4,-10.0,6,44,IZ,33.3386,44.3939
2004-10-21 00:00:00,IRQ,,4,-10.0,5,32,IZ,33.3386,44.3939
2004-10-21 00:00:00,ISR,,4,-10.0,5,31,IS,31.4167,34.3333
2004-10-23 00:00:00,USA,IRQ,4,-10.0,5,14,IZ,33.3386,44.3939
2004-10-25 00:00:00,,IRQ,4,-10.0,5,26,IZ,33.3386,44.3939
2004-10-30 00:00:00,IRQ,,4,-10.0,5,34,IZ,33.3386,44.3939
2004-10-31 00:00:00,IRQ,,4,-10.0,5,26,IZ,33.3386,44.3939
2004-11-01 00:00:00,,IRQ,4,-10.0,6,36,IZ,33.3386,44.3939
2004-11-06 00:00:00,ISR,PSE,4,-10.0,6,44,IS,31.5,34.75
2004-11-07 00:00:00,IRQ,COP,4,-10.0,5,16,IZ,33.3386,44.3939
2004-11-08 00:00:00,,USA,4,-10.0,5,18,US,38.0,-97.0
2004-11-08 00:00:00,IRQ,USA,4,-10.0,5,25,US,38.0,-97.0
2004-11-08 00:00:00,USA,,4,-10.0,5,18,US,38.0,-97.0
2004-11-10 00:00:00,ISR,PSE,4,-10.0,5,27,IS,31.5,34.75
2004-11-10 00:00:00,PSE,ISR,4,-10.0,6,38,IS,31.5,34.75
2004-11-14 00:00:00,IRQ,REB,4,-10.0,5,25,IZ,33.3386,44.3939
2004-11-14 00:00:00,REB,IRQ,4,-10.0,5,19,IZ,33.3386,44.3939
2004-11-17 00:00:00,COP,PAK,4,-10.0,5,14,PK,24.8667,67.05
2004-12-04 00:00:00,IRQ,COP,4,-10.0,5,39,IZ,33.3386,44.3939
2004-12-12 00:00:00,PSE,ISR,4,-10.0,5,53,IS,31.5,34.75
2004-12-13 00:00:00,ISR,,4,-10.0,5,22,IS,31.5,34.75
2004-12-19 00:00:00,,IRQ,4,-10.0,5,24,IZ,33.3386,44.3939
2004-12-23 00:00:00,IRQ,,4,-10.0,5,22,IZ,33.3386,44.3939
2004-12-27 00:00:00,UKR,UKRGO,4,-10.0,5,34,UP,50.4333,30.5167
2004-12-27 00:00:00,UKRGO,UKR,4,-10.0,5,10,UP,50.4333,30.5167
2004-12-28 00:00:00,SAUCO,UAF,4,-10.0,5,41,SA,24.6408,46.7728
2005-01-04 00:00:00,ISR,PSE,4,-10.0,5,31,IS,31.5,34.75
2005-01-13 00:00:00,UAF,IRQ,4,-10.0,5,50,IZ,33.3386,44.3939
2005-01-15 00:00:00,ISR,PSE,4,-10.0,5,74,IS,31.4167,34.3333
2005-01-19 00:00:00,,IRQ,4,-10.0,5,27,IZ,33.3386,44.3939
2005-01-27 00:00:00,IRQ,,4,-10.0,5,10,IZ,34.1966,43.8739
2005-01-28 00:00:00,,IRQ,4,-10.0,5,25,IZ,33.3386,44.3939
2005-01-28 00:00:00,IRQ,,4,-10.0,5,11,IZ,33.3386,44.3939
2005-01-30 00:00:00,,IRQ,4,-10.0,5,24,IZ,33.3386,44.3939
2005-01-30 00:00:00,REB,COP,4,-10.0,5,75,IZ,33.3386,44.3939
2005-02-08 00:00:00,UAF,IRQ,4,-10.0,5,43,IZ,33.3386,44.3939
2005-02-10 00:00:00,,IRQ,4,-10.0,5,39,IZ,33.3386,44.3939
2005-02-18 00:00:00,IRQ,,4,-10.0,5,13,IZ,33.3386,44.3939
2005-02-21 00:00:00,LBN,,4,-10.0,5,34,LE,33.8719,35.5097
2005-03-02 00:00:00,,IRQ,4,-10.0,5,43,IZ,33.3386,44.3939
2005-03-02 00:00:00,,ISR,4,-10.0,5,37,IS,32.0667,34.7667
2005-03-04 00:00:00,IRQ,,4,-10.0,5,38,IZ,33.3386,44.3939
2005-04-06 00:00:00,UAF,COP,4,-10.0,5,41,SA,24.6408,46.7728
2005-04-15 00:00:00,IRQ,COP,4,-10.0,5,15,IZ,33.3386,44.3939
2005-04-20 00:00:00,,IRQ,4,-10.0,5,43,IZ,33.3386,44.3939
2005-04-27 00:00:00,UAF,IRQ,4,-10.0,5,20,IZ,33.3386,44.3939
2005-04-28 00:00:00,UAF,,4,-10.0,5,29,IZ,33.3386,44.3939
2005-04-29 00:00:00,,IRQ,4,-10.0,5,38,IZ,33.3386,44.3939
2005-04-30 00:00:00,EGY,,4,-10.0,5,53,EG,30.05,31.25
2005-05-04 00:00:00,IRQ,,4,-10.0,6,33,IZ,33.3386,44.3939
2005-05-04 00:00:00,REB,IRQ,4,-10.0,5,62,IZ,36.1926,44.0106
2005-05-05 00:00:00,COP,,4,-10.0,5,38,IZ,33.3386,44.3939
2005-05-05 00:00:00,IRQ,COP,4,-10.0,5,62,IZ,33.3386,44.3939
2005-05-05 00:00:00,REB,IRQ,4,-10.0,5,40,IZ,36.1926,44.0106
2005-05-17 00:00:00,REB,IRQ,4,-10.0,5,24,IZ,33.3386,44.3939
2005-05-21 00:00:00,,EGYCV,4,-10.0,5,22,EG,30.05,31.25
2005-05-24 00:00:00,IRQ,,4,-10.0,6,59,IZ,33.3386,44.3939
2005-05-24 00:00:00,IRQ,,4,-10.0,5,26,IZ,33.3386,44.3939
2005-05-28 00:00:00,CHR,MOS,4,-10.0,5,34,ID,-1.7562,120.648
2005-06-19 00:00:00,REB,IRQ,4,-10.0,5,73,IZ,33.3386,44.3939
2005-06-23 00:00:00,,IRQ,4,-10.0,5,30,IZ,33.3386,44.3939
2005-07-02 00:00:00,REB,IRQ,4,-10.0,5,54,IZ,33.3386,44.3939
2005-07-07 00:00:00,,GBR,4,-10.0,5,8,UK,51.5,-0.116667
2005-07-07 00:00:00,IMGMO,IRQ,4,-10.0,5,81,IZ,33.3386,44.3939
2005-07-07 00:00:00,UAF,GBR,4,-10.0,5,38,UK,51.5,-0.116667
2005-07-08 00:00:00,GBR,,4,-10.0,5,65,UK,51.5,-0.116667
2005-07-12 00:00:00,,ISR,4,-10.0,5,48,IS,32.3329,34.8599
2005-07-14 00:00:00,GBR,,4,-10.0,5,21,UK,51.5,-0.116667
2005-07-14 00:00:00,UAF,IRQ,4,-10.0,5,23,IZ,33.3386,44.3939
2005-07-16 00:00:00,IRQ,,4,-10.0,5,15,IZ,33.3386,44.3939
2005-07-16 00:00:00,REB,IRQ,4,-10.0,5,23,IZ,33.3386,44.3939
2005-07-17 00:00:00,IRQ,,4,-10.0,5,20,IZ,33.3386,44.3939
2005-07-19 00:00:00,,CVL,4,-10.0,5,38,IZ,33.3386,44.3939
2005-07-20 00:00:00,REB,IRQ,4,-10.0,6,75,IZ,33.3386,44.3939
2005-07-22 00:00:00,IRQ,CVL,4,-10.0,5,19,IZ,33.3386,44.3939
2005-07-24 00:00:00,IRQ,COP,4,-10.0,5,32,IZ,33.3386,44.3939
2005-07-25 00:00:00,REB,IRQ,4,-10.0,5,27,IZ,33.3386,44.3939
2005-07-27 00:00:00,GOV,IRQ,4,-10.0,5,22,IZ,33.3386,44.3939
2005-07-29 00:00:00,GBR,,4,-10.0,5,21,UK,51.5,-0.116667
2005-07-31 00:00:00,IRQ,,4,-10.0,6,58,IZ,33.3386,44.3939
2005-08-03 00:00:00,,MIL,4,-10.0,5,16,IZ,34.1348,42.3772
2005-08-03 00:00:00,UAF,IRQ,4,-10.0,5,12,IZ,33.3386,44.3939
2005-08-06 00:00:00,IRQ,REB,4,-10.0,5,26,IZ,33.3386,44.3939
2005-08-09 00:00:00,,GBR,4,-10.0,5,10,UK,51.5,-0.116667
2005-08-09 00:00:00,IRQ,COP,4,-10.0,5,38,IZ,33.3386,44.3939
2005-08-14 00:00:00,,IRQ,4,-10.0,5,26,IZ,33.3386,44.3939
2005-08-17 00:00:00,IRQ,,4,-10.0,5,64,IZ,33.3386,44.3939
2005-08-18 00:00:00,UAF,COP,4,-10.0,5,56,SA,24.6408,46.7728
2005-08-23 00:00:00,JOR,,4,-10.0,5,18,JO,31.95,35.9333
2005-09-01 00:00:00,USA,REB,4,-10.0,5,34,US,38.0,-97.0
2005-09-07 00:00:00,,IRQ,4,-10.0,5,75,IZ,33.3386,44.3939
2005-09-07 00:00:00,UAF,ISR,4,-10.0,5,21,IS,31.4167,34.3333
2005-09-14 00:00:00,REB,IRQ,4,-10.0,5,95,IZ,33.3386,44.3939
2005-09-15 00:00:00,,AFG,4,-10.0,5,18,AF,34.5167,69.1833
2005-09-15 00:00:00,IRQ,COP,4,-10.0,5,49,IZ,33.3386,44.3939
2005-09-22 00:00:00,,KGZ,4,-10.0,6,31,KG,42.8731,74.6003
2005-09-22 00:00:00,UAF,IRQ,4,-10.0,5,75,IZ,33.3386,44.3939
2005-09-24 00:00:00,ISR,PSERE,4,-10.0,5,155,IS,31.4167,34.3333
2005-09-25 00:00:00,ISR,PSE,4,-10.0,5,45,IS,31.4167,34.3333
2005-09-27 00:00:00,REB,IRQ,4,-10.0,5,46,IZ,33.3386,44.3939
2005-09-28 00:00:00,IRQ,IMGMO,4,-10.0,5,46,IZ,33.3386,44.3939
2005-10-06 00:00:00,,IRQ,4,-10.0,5,42,IZ,33.3386,44.3939
2005-10-14 00:00:00,RUS,COP,4,-10.0,5,9,RS,43.4981,43.6189
2005-10-18 00:00:00,,IRN,4,-10.0,5,31,IR,31.3203,48.6693
2005-10-26 00:00:00,,IRQ,4,-10.0,5,16,IZ,33.3386,44.3939
2005-10-29 00:00:00,ISR,PSE,4,-10.0,5,26,IS,31.5,34.75
2005-10-30 00:00:00,UAF,IRQ,4,-10.0,6,32,IZ,33.3386,44.3939
2005-11-02 00:00:00,COP,OPP,4,-10.0,5,48,ET,9.03333,38.7
2005-11-02 00:00:00,OPP,COP,4,-10.0,5,48,ET,9.03333,38.7
2005-11-10 00:00:00,,JOR,4,-10.0,5,27,JO,31.95,35.9333
2005-11-13 00:00:00,JOR,,4,-10.0,5,18,JO,31.95,35.9333
2005-11-14 00:00:00,,AFG,4,-10.0,5,47,AF,34.5167,69.1833
2005-12-05 00:00:00,IRQ,,4,-10.0,5,22,IZ,33.3386,44.3939
2005-12-06 00:00:00,REB,IRQ,4,-10.0,5,46,IZ,33.3386,44.3939
2005-12-08 00:00:00,REB,IRQ,4,-10.0,5,86,IZ,33.3386,44.3939
2005-12-26 00:00:00,UAF,IRQ,4,-10.0,5,37,IZ,33.3386,44.3939
